{
	"credit": "Made with Blockbench",
	"texture_size": [32, 32],
	"textures": {
		"0": "item/pumpkins/animal_ears/lightblueCat_right",
		"2": "item/pumpkins/animal_ears/lightblueCat_left",
		"particle": "item/pumpkins/animal_ears/lightblueCat_right"
	},
	"elements": [
		{
			"from": [13.5125, 0.6, 9.3125],
			"to": [14.3, 1.3875, 10.1],
			"rotation": {"angle": 0, "axis": "x", "origin": [14.3, 0.6, 9.05]},
			"faces": {
				"north": {"uv": [0, 0, 0.5, 0.5], "texture": "#0"},
				"east": {"uv": [0, 0.5, 0.5, 1], "texture": "#0"},
				"south": {"uv": [0.5, 0, 1, 0.5], "texture": "#0"},
				"west": {"uv": [0.5, 0.5, 1, 1], "texture": "#0"},
				"up": {"uv": [0.5, 1.5, 0, 1], "texture": "#0"},
				"down": {"uv": [1.5, 0, 1, 0.5], "texture": "#0"}
			}
		},
		{
			"from": [13.25, 1.3875, 9.3125],
			"to": [14.0375, 2.175, 10.1],
			"rotation": {"angle": 0, "axis": "x", "origin": [14.3, 1.65, 9.05]},
			"faces": {
				"north": {"uv": [0.5, 1, 1, 1.5], "texture": "#0"},
				"east": {"uv": [1, 0.5, 1.5, 1], "texture": "#0"},
				"south": {"uv": [1, 1, 1.5, 1.5], "texture": "#0"},
				"west": {"uv": [0, 1.5, 0.5, 2], "texture": "#0"},
				"up": {"uv": [2, 0.5, 1.5, 0], "texture": "#0"},
				"down": {"uv": [1, 1.5, 0.5, 2], "texture": "#0"}
			}
		},
		{
			"from": [13.25, 2.175, 9.155],
			"to": [13.88, 2.805, 9.785],
			"rotation": {"angle": 0, "axis": "x", "origin": [14.3, 1.65, 9.05]},
			"faces": {
				"north": {"uv": [1.5, 0.5, 2, 1], "texture": "#0"},
				"east": {"uv": [1, 1.5, 1.5, 2], "texture": "#0"},
				"south": {"uv": [1.5, 1, 2, 1.5], "texture": "#0"},
				"west": {"uv": [1.5, 1.5, 2, 2], "texture": "#0"},
				"up": {"uv": [0.5, 2.5, 0, 2], "texture": "#0"},
				"down": {"uv": [2.5, 0, 2, 0.5], "texture": "#0"}
			}
		},
		{
			"from": [13.145, 2.805, 8.945],
			"to": [13.775, 3.435, 9.575],
			"rotation": {"angle": 0, "axis": "x", "origin": [14.3, 1.65, 9.05]},
			"faces": {
				"north": {"uv": [0.5, 2, 1, 2.5], "texture": "#0"},
				"east": {"uv": [2, 0.5, 2.5, 1], "texture": "#0"},
				"south": {"uv": [1, 2, 1.5, 2.5], "texture": "#0"},
				"west": {"uv": [2, 1, 2.5, 1.5], "texture": "#0"},
				"up": {"uv": [2, 2.5, 1.5, 2], "texture": "#0"},
				"down": {"uv": [2.5, 1.5, 2, 2], "texture": "#0"}
			}
		},
		{
			"from": [13.04, 3.435, 8.84],
			"to": [13.565, 3.96, 9.365],
			"rotation": {"angle": 0, "axis": "y", "origin": [14.3, 2.7, 9.05]},
			"faces": {
				"north": {"uv": [2, 2, 2.5, 2.5], "texture": "#0"},
				"east": {"uv": [0, 2.5, 0.5, 3], "texture": "#0"},
				"south": {"uv": [2.5, 0, 3, 0.5], "texture": "#0"},
				"west": {"uv": [0.5, 2.5, 1, 3], "texture": "#0"},
				"up": {"uv": [3, 1, 2.5, 0.5], "texture": "#0"},
				"down": {"uv": [1.5, 2.5, 1, 3], "texture": "#0"}
			}
		},
		{
			"from": [13.04, 3.96, 8.735],
			"to": [13.565, 4.485, 9.26],
			"rotation": {"angle": 0, "axis": "y", "origin": [14.3, 2.7, 9.05]},
			"faces": {
				"north": {"uv": [2.5, 1, 3, 1.5], "texture": "#0"},
				"east": {"uv": [1.5, 2.5, 2, 3], "texture": "#0"},
				"south": {"uv": [2.5, 1.5, 3, 2], "texture": "#0"},
				"west": {"uv": [2, 2.5, 2.5, 3], "texture": "#0"},
				"up": {"uv": [3, 2.5, 2.5, 2], "texture": "#0"},
				"down": {"uv": [3, 2.5, 2.5, 3], "texture": "#0"}
			}
		},
		{
			"from": [12.6725, 4.485, 8.6825],
			"to": [13.1975, 5.01, 9.2075],
			"rotation": {"angle": 0, "axis": "y", "origin": [14.3, 2.7, 9.05]},
			"faces": {
				"north": {"uv": [0, 3, 0.5, 3.5], "texture": "#0"},
				"east": {"uv": [3, 0, 3.5, 0.5], "texture": "#0"},
				"south": {"uv": [0.5, 3, 1, 3.5], "texture": "#0"},
				"west": {"uv": [3, 0.5, 3.5, 1], "texture": "#0"},
				"up": {"uv": [1.5, 3.5, 1, 3], "texture": "#0"},
				"down": {"uv": [3.5, 1, 3, 1.5], "texture": "#0"}
			}
		},
		{
			"from": [12.305, 5.01, 8.42],
			"to": [12.83, 5.535, 8.945],
			"rotation": {"angle": 0, "axis": "y", "origin": [14.3, 2.7, 9.05]},
			"faces": {
				"north": {"uv": [1.5, 3, 2, 3.5], "texture": "#0"},
				"east": {"uv": [3, 1.5, 3.5, 2], "texture": "#0"},
				"south": {"uv": [2, 3, 2.5, 3.5], "texture": "#0"},
				"west": {"uv": [3, 2, 3.5, 2.5], "texture": "#0"},
				"up": {"uv": [3, 3.5, 2.5, 3], "texture": "#0"},
				"down": {"uv": [3.5, 2.5, 3, 3], "texture": "#0"}
			}
		},
		{
			"from": [12.9875, 0.6, 10.1],
			"to": [13.775, 1.3875, 10.8875],
			"rotation": {"angle": 0, "axis": "x", "origin": [13.25, 0.6, 9.05]},
			"faces": {
				"north": {"uv": [3, 3, 3.5, 3.5], "texture": "#0"},
				"east": {"uv": [0, 3.5, 0.5, 4], "texture": "#0"},
				"south": {"uv": [3.5, 0, 4, 0.5], "texture": "#0"},
				"west": {"uv": [0.5, 3.5, 1, 4], "texture": "#0"},
				"up": {"uv": [4, 1, 3.5, 0.5], "texture": "#0"},
				"down": {"uv": [1.5, 3.5, 1, 4], "texture": "#0"}
			}
		},
		{
			"from": [12.725, 1.3875, 9.8375],
			"to": [13.5125, 2.1729, 10.625],
			"rotation": {"angle": 0, "axis": "x", "origin": [13.25, 1.65, 9.05]},
			"faces": {
				"north": {"uv": [3.5, 1, 4, 1.5], "texture": "#0"},
				"east": {"uv": [1.5, 3.5, 2, 4], "texture": "#0"},
				"south": {"uv": [3.5, 1.5, 4, 2], "texture": "#0"},
				"west": {"uv": [2, 3.5, 2.5, 4], "texture": "#0"},
				"up": {"uv": [4, 2.5, 3.5, 2], "texture": "#0"},
				"down": {"uv": [3, 3.5, 2.5, 4], "texture": "#0"}
			}
		},
		{
			"from": [12.7775, 2.175, 9.785],
			"to": [13.4075, 2.805, 10.415],
			"rotation": {"angle": 0, "axis": "x", "origin": [13.25, 1.65, 9.05]},
			"faces": {
				"north": {"uv": [3.5, 2.5, 4, 3], "texture": "#0"},
				"east": {"uv": [3, 3.5, 3.5, 4], "texture": "#0"},
				"south": {"uv": [3.5, 3, 4, 3.5], "texture": "#0"},
				"west": {"uv": [3.5, 3.5, 4, 4], "texture": "#0"},
				"up": {"uv": [0.5, 4.5, 0, 4], "texture": "#0"},
				"down": {"uv": [4.5, 0, 4, 0.5], "texture": "#0"}
			}
		},
		{
			"from": [12.7775, 2.805, 9.575],
			"to": [13.4075, 3.435, 10.205],
			"rotation": {"angle": 0, "axis": "x", "origin": [13.25, 1.65, 9.05]},
			"faces": {
				"north": {"uv": [0.5, 4, 1, 4.5], "texture": "#0"},
				"east": {"uv": [4, 0.5, 4.5, 1], "texture": "#0"},
				"south": {"uv": [1, 4, 1.5, 4.5], "texture": "#0"},
				"west": {"uv": [4, 1, 4.5, 1.5], "texture": "#0"},
				"up": {"uv": [2, 4.5, 1.5, 4], "texture": "#0"},
				"down": {"uv": [4.5, 1.5, 4, 2], "texture": "#0"}
			}
		},
		{
			"from": [12.6725, 3.435, 9.365],
			"to": [13.1975, 3.96, 9.89],
			"rotation": {"angle": 0, "axis": "y", "origin": [13.25, 1.65, 9.05]},
			"faces": {
				"north": {"uv": [2, 4, 2.5, 4.5], "texture": "#0"},
				"east": {"uv": [4, 2, 4.5, 2.5], "texture": "#0"},
				"south": {"uv": [2.5, 4, 3, 4.5], "texture": "#0"},
				"west": {"uv": [4, 2.5, 4.5, 3], "texture": "#0"},
				"up": {"uv": [3.5, 4.5, 3, 4], "texture": "#0"},
				"down": {"uv": [4.5, 3, 4, 3.5], "texture": "#0"}
			}
		},
		{
			"from": [12.6725, 3.96, 9.2075],
			"to": [13.1975, 4.4829, 9.7325],
			"rotation": {"angle": 0, "axis": "y", "origin": [13.25, 1.65, 9.05]},
			"faces": {
				"north": {"uv": [3.5, 4, 4, 4.5], "texture": "#0"},
				"east": {"uv": [4, 3.5, 4.5, 4], "texture": "#0"},
				"south": {"uv": [4, 4, 4.5, 4.5], "texture": "#0"},
				"west": {"uv": [0, 4.5, 0.5, 5], "texture": "#0"},
				"up": {"uv": [5, 0.5, 4.5, 0], "texture": "#0"},
				"down": {"uv": [1, 4.5, 0.5, 5], "texture": "#0"}
			}
		},
		{
			"from": [12.4625, 4.485, 9.2075],
			"to": [12.9875, 5.01, 9.47],
			"rotation": {"angle": 0, "axis": "y", "origin": [13.25, 1.65, 9.05]},
			"faces": {
				"north": {"uv": [4.5, 0.5, 5, 1], "texture": "#0"},
				"east": {"uv": [1, 4.5, 1.5, 5], "texture": "#0"},
				"south": {"uv": [4.5, 1, 5, 1.5], "texture": "#0"},
				"west": {"uv": [1.5, 4.5, 2, 5], "texture": "#0"},
				"up": {"uv": [5, 2, 4.5, 1.5], "texture": "#0"},
				"down": {"uv": [2.5, 4.5, 2, 5], "texture": "#0"}
			}
		},
		{
			"from": [12.2546, 4.905, 8.945],
			"to": [12.7775, 5.43, 9.47],
			"rotation": {"angle": 0, "axis": "y", "origin": [13.25, 2.7, 9.05]},
			"faces": {
				"north": {"uv": [4.5, 2, 5, 2.5], "texture": "#0"},
				"east": {"uv": [2.5, 4.5, 3, 5], "texture": "#0"},
				"south": {"uv": [4.5, 2.5, 5, 3], "texture": "#0"},
				"west": {"uv": [3, 4.5, 3.5, 5], "texture": "#0"},
				"up": {"uv": [5, 3.5, 4.5, 3], "texture": "#0"},
				"down": {"uv": [4, 4.5, 3.5, 5], "texture": "#0"}
			}
		},
		{
			"from": [12.2, 0.6, 10.625],
			"to": [12.9875, 1.3875, 11.4125],
			"rotation": {"angle": 0, "axis": "x", "origin": [13.25, 0.6, 10.1]},
			"faces": {
				"north": {"uv": [4.5, 3.5, 5, 4], "texture": "#0"},
				"east": {"uv": [4, 4.5, 4.5, 5], "texture": "#0"},
				"south": {"uv": [4.5, 4, 5, 4.5], "texture": "#0"},
				"west": {"uv": [4.5, 4.5, 5, 5], "texture": "#0"},
				"up": {"uv": [0.5, 5.5, 0, 5], "texture": "#0"},
				"down": {"uv": [5.5, 0, 5, 0.5], "texture": "#0"}
			}
		},
		{
			"from": [12.2, 1.3875, 10.3625],
			"to": [12.9875, 2.175, 11.15],
			"rotation": {"angle": 0, "axis": "x", "origin": [13.25, 1.65, 10.1]},
			"faces": {
				"north": {"uv": [0.5, 5, 1, 5.5], "texture": "#0"},
				"east": {"uv": [5, 0.5, 5.5, 1], "texture": "#0"},
				"south": {"uv": [1, 5, 1.5, 5.5], "texture": "#0"},
				"west": {"uv": [5, 1, 5.5, 1.5], "texture": "#0"},
				"up": {"uv": [2, 5.5, 1.5, 5], "texture": "#0"},
				"down": {"uv": [5.5, 1.5, 5, 2], "texture": "#0"}
			}
		},
		{
			"from": [12.2, 2.175, 10.2575],
			"to": [12.83, 2.805, 10.8875],
			"rotation": {"angle": 0, "axis": "x", "origin": [13.25, 1.65, 10.1]},
			"faces": {
				"north": {"uv": [2, 5, 2.5, 5.5], "texture": "#0"},
				"east": {"uv": [5, 2, 5.5, 2.5], "texture": "#0"},
				"south": {"uv": [2.5, 5, 3, 5.5], "texture": "#0"},
				"west": {"uv": [5, 2.5, 5.5, 3], "texture": "#0"},
				"up": {"uv": [3.5, 5.5, 3, 5], "texture": "#0"},
				"down": {"uv": [5.5, 3, 5, 3.5], "texture": "#0"}
			}
		},
		{
			"from": [12.2, 2.805, 9.995],
			"to": [12.83, 3.4329, 10.625],
			"rotation": {"angle": 0, "axis": "x", "origin": [13.25, 2.7, 10.1]},
			"faces": {
				"north": {"uv": [3.5, 5, 4, 5.5], "texture": "#0"},
				"east": {"uv": [5, 3.5, 5.5, 4], "texture": "#0"},
				"south": {"uv": [4, 5, 4.5, 5.5], "texture": "#0"},
				"west": {"uv": [5, 4, 5.5, 4.5], "texture": "#0"},
				"up": {"uv": [5, 5.5, 4.5, 5], "texture": "#0"},
				"down": {"uv": [5.5, 4.5, 5, 5], "texture": "#0"}
			}
		},
		{
			"from": [12.2525, 3.435, 9.89],
			"to": [12.7775, 3.96, 10.415],
			"rotation": {"angle": 0, "axis": "y", "origin": [13.25, 2.7, 10.1]},
			"faces": {
				"north": {"uv": [5, 5, 5.5, 5.5], "texture": "#0"},
				"east": {"uv": [0, 5.5, 0.5, 6], "texture": "#0"},
				"south": {"uv": [5.5, 0, 6, 0.5], "texture": "#0"},
				"west": {"uv": [0.5, 5.5, 1, 6], "texture": "#0"},
				"up": {"uv": [6, 1, 5.5, 0.5], "texture": "#0"},
				"down": {"uv": [1.5, 5.5, 1, 6], "texture": "#0"}
			}
		},
		{
			"from": [12.2525, 3.96, 9.6275],
			"to": [12.7775, 4.485, 10.1525],
			"rotation": {"angle": 0, "axis": "y", "origin": [13.25, 3.75, 10.1]},
			"faces": {
				"north": {"uv": [5.5, 1, 6, 1.5], "texture": "#0"},
				"east": {"uv": [1.5, 5.5, 2, 6], "texture": "#0"},
				"south": {"uv": [5.5, 1.5, 6, 2], "texture": "#0"},
				"west": {"uv": [2, 5.5, 2.5, 6], "texture": "#0"},
				"up": {"uv": [6, 2.5, 5.5, 2], "texture": "#0"},
				"down": {"uv": [3, 5.5, 2.5, 6], "texture": "#0"}
			}
		},
		{
			"from": [12.2525, 4.485, 9.3125],
			"to": [12.7775, 5.01, 9.8375],
			"rotation": {"angle": 0, "axis": "y", "origin": [13.25, 3.75, 10.1]},
			"faces": {
				"north": {"uv": [5.5, 2.5, 6, 3], "texture": "#0"},
				"east": {"uv": [3, 5.5, 3.5, 6], "texture": "#0"},
				"south": {"uv": [5.5, 3, 6, 3.5], "texture": "#0"},
				"west": {"uv": [3.5, 5.5, 4, 6], "texture": "#0"},
				"up": {"uv": [6, 4, 5.5, 3.5], "texture": "#0"},
				"down": {"uv": [4.5, 5.5, 4, 6], "texture": "#0"}
			}
		},
		{
			"from": [11.4125, 0.6, 10.1],
			"to": [12.2, 1.3875, 10.8875],
			"rotation": {"angle": 0, "axis": "x", "origin": [12.2, 0.6, 10.1]},
			"faces": {
				"north": {"uv": [5.5, 4, 6, 4.5], "texture": "#0"},
				"east": {"uv": [4.5, 5.5, 5, 6], "texture": "#0"},
				"south": {"uv": [5.5, 4.5, 6, 5], "texture": "#0"},
				"west": {"uv": [5, 5.5, 5.5, 6], "texture": "#0"},
				"up": {"uv": [6, 5.5, 5.5, 5], "texture": "#0"},
				"down": {"uv": [6, 5.5, 5.5, 6], "texture": "#0"}
			}
		},
		{
			"from": [11.4125, 1.3875, 9.8375],
			"to": [12.2, 2.175, 10.625],
			"rotation": {"angle": 0, "axis": "x", "origin": [12.2, 1.65, 10.1]},
			"faces": {
				"north": {"uv": [0, 6, 0.5, 6.5], "texture": "#0"},
				"east": {"uv": [6, 0, 6.5, 0.5], "texture": "#0"},
				"south": {"uv": [0.5, 6, 1, 6.5], "texture": "#0"},
				"west": {"uv": [6, 0.5, 6.5, 1], "texture": "#0"},
				"up": {"uv": [1.5, 6.5, 1, 6], "texture": "#0"},
				"down": {"uv": [6.5, 1, 6, 1.5], "texture": "#0"}
			}
		},
		{
			"from": [11.675, 2.175, 9.68],
			"to": [12.305, 2.805, 10.31],
			"rotation": {"angle": 0, "axis": "x", "origin": [12.2, 1.65, 10.1]},
			"faces": {
				"north": {"uv": [1.5, 6, 2, 6.5], "texture": "#0"},
				"east": {"uv": [6, 1.5, 6.5, 2], "texture": "#0"},
				"south": {"uv": [2, 6, 2.5, 6.5], "texture": "#0"},
				"west": {"uv": [6, 2, 6.5, 2.5], "texture": "#0"},
				"up": {"uv": [3, 6.5, 2.5, 6], "texture": "#0"},
				"down": {"uv": [6.5, 2.5, 6, 3], "texture": "#0"}
			}
		},
		{
			"from": [11.7275, 2.805, 9.575],
			"to": [12.3575, 3.435, 10.205],
			"rotation": {"angle": 0, "axis": "x", "origin": [12.2, 1.65, 10.1]},
			"faces": {
				"north": {"uv": [3, 6, 3.5, 6.5], "texture": "#0"},
				"east": {"uv": [6, 3, 6.5, 3.5], "texture": "#0"},
				"south": {"uv": [3.5, 6, 4, 6.5], "texture": "#0"},
				"west": {"uv": [6, 3.5, 6.5, 4], "texture": "#0"},
				"up": {"uv": [4.5, 6.5, 4, 6], "texture": "#0"},
				"down": {"uv": [6.5, 4, 6, 4.5], "texture": "#0"}
			}
		},
		{
			"from": [11.78, 3.435, 9.365],
			"to": [12.305, 3.96, 9.89],
			"rotation": {"angle": 0, "axis": "y", "origin": [12.2, 1.65, 10.1]},
			"faces": {
				"north": {"uv": [4.5, 6, 5, 6.5], "texture": "#0"},
				"east": {"uv": [6, 4.5, 6.5, 5], "texture": "#0"},
				"south": {"uv": [5, 6, 5.5, 6.5], "texture": "#0"},
				"west": {"uv": [6, 5, 6.5, 5.5], "texture": "#0"},
				"up": {"uv": [6, 6.5, 5.5, 6], "texture": "#0"},
				"down": {"uv": [6.5, 5.5, 6, 6], "texture": "#0"}
			}
		},
		{
			"from": [11.78, 3.96, 9.2075],
			"to": [12.305, 4.485, 9.7325],
			"rotation": {"angle": 0, "axis": "y", "origin": [12.2, 1.65, 10.1]},
			"faces": {
				"north": {"uv": [6, 6, 6.5, 6.5], "texture": "#0"},
				"east": {"uv": [0, 6.5, 0.5, 7], "texture": "#0"},
				"south": {"uv": [6.5, 0, 7, 0.5], "texture": "#0"},
				"west": {"uv": [0.5, 6.5, 1, 7], "texture": "#0"},
				"up": {"uv": [7, 1, 6.5, 0.5], "texture": "#0"},
				"down": {"uv": [1.5, 6.5, 1, 7], "texture": "#0"}
			}
		},
		{
			"from": [10.625, 0.6, 9.575],
			"to": [11.4125, 1.3875, 10.3625],
			"rotation": {"angle": 0, "axis": "x", "origin": [11.15, 0.6, 10.1]},
			"faces": {
				"north": {"uv": [6.5, 1, 7, 1.5], "texture": "#0"},
				"east": {"uv": [1.5, 6.5, 2, 7], "texture": "#0"},
				"south": {"uv": [6.5, 1.5, 7, 2], "texture": "#0"},
				"west": {"uv": [2, 6.5, 2.5, 7], "texture": "#0"},
				"up": {"uv": [7, 2.5, 6.5, 2], "texture": "#0"},
				"down": {"uv": [3, 6.5, 2.5, 7], "texture": "#0"}
			}
		},
		{
			"from": [10.1, 0.6, 8.7875],
			"to": [10.8875, 1.3875, 9.575],
			"rotation": {"angle": 0, "axis": "x", "origin": [10.1, 0.6, 10.1]},
			"faces": {
				"north": {"uv": [6.5, 2.5, 7, 3], "texture": "#0"},
				"east": {"uv": [3, 6.5, 3.5, 7], "texture": "#0"},
				"south": {"uv": [6.5, 3, 7, 3.5], "texture": "#0"},
				"west": {"uv": [3.5, 6.5, 4, 7], "texture": "#0"},
				"up": {"uv": [7, 4, 6.5, 3.5], "texture": "#0"},
				"down": {"uv": [4.5, 6.5, 4, 7], "texture": "#0"}
			}
		},
		{
			"from": [10.8875, 1.3875, 9.05],
			"to": [11.675, 2.175, 9.8375],
			"rotation": {"angle": 0, "axis": "x", "origin": [10.1, 0.6, 10.1]},
			"faces": {
				"north": {"uv": [6.5, 4, 7, 4.5], "texture": "#0"},
				"east": {"uv": [4.5, 6.5, 5, 7], "texture": "#0"},
				"south": {"uv": [6.5, 4.5, 7, 5], "texture": "#0"},
				"west": {"uv": [5, 6.5, 5.5, 7], "texture": "#0"},
				"up": {"uv": [7, 5.5, 6.5, 5], "texture": "#0"},
				"down": {"uv": [6, 6.5, 5.5, 7], "texture": "#0"}
			}
		},
		{
			"from": [11.0975, 2.175, 9.05],
			"to": [11.7275, 2.805, 9.68],
			"rotation": {"angle": 0, "axis": "x", "origin": [10.1, 0.6, 10.1]},
			"faces": {
				"north": {"uv": [6.5, 5.5, 7, 6], "texture": "#0"},
				"east": {"uv": [6, 6.5, 6.5, 7], "texture": "#0"},
				"south": {"uv": [6.5, 6, 7, 6.5], "texture": "#0"},
				"west": {"uv": [6.5, 6.5, 7, 7], "texture": "#0"},
				"up": {"uv": [0.5, 7.5, 0, 7], "texture": "#0"},
				"down": {"uv": [7.5, 0, 7, 0.5], "texture": "#0"}
			}
		},
		{
			"from": [11.15, 2.805, 8.945],
			"to": [11.78, 3.4329, 9.575],
			"rotation": {"angle": 0, "axis": "x", "origin": [10.1, 0.6, 10.1]},
			"faces": {
				"north": {"uv": [0.5, 7, 1, 7.5], "texture": "#0"},
				"east": {"uv": [7, 0.5, 7.5, 1], "texture": "#0"},
				"south": {"uv": [1, 7, 1.5, 7.5], "texture": "#0"},
				"west": {"uv": [7, 1, 7.5, 1.5], "texture": "#0"},
				"up": {"uv": [2, 7.5, 1.5, 7], "texture": "#0"},
				"down": {"uv": [7.5, 1.5, 7, 2], "texture": "#0"}
			}
		},
		{
			"from": [11.255, 3.435, 8.84],
			"to": [11.78, 3.96, 9.365],
			"rotation": {"angle": 0, "axis": "y", "origin": [10.1, 0.6, 10.1]},
			"faces": {
				"north": {"uv": [2, 7, 2.5, 7.5], "texture": "#0"},
				"east": {"uv": [7, 2, 7.5, 2.5], "texture": "#0"},
				"south": {"uv": [2.5, 7, 3, 7.5], "texture": "#0"},
				"west": {"uv": [7, 2.5, 7.5, 3], "texture": "#0"},
				"up": {"uv": [3.5, 7.5, 3, 7], "texture": "#0"},
				"down": {"uv": [7.5, 3, 7, 3.5], "texture": "#0"}
			}
		},
		{
			"from": [11.36, 3.96, 8.7875],
			"to": [11.885, 4.485, 9.3125],
			"rotation": {"angle": 0, "axis": "y", "origin": [10.1, 0.6, 10.1]},
			"faces": {
				"north": {"uv": [3.5, 7, 4, 7.5], "texture": "#0"},
				"east": {"uv": [7, 3.5, 7.5, 4], "texture": "#0"},
				"south": {"uv": [4, 7, 4.5, 7.5], "texture": "#0"},
				"west": {"uv": [7, 4, 7.5, 4.5], "texture": "#0"},
				"up": {"uv": [5, 7.5, 4.5, 7], "texture": "#0"},
				"down": {"uv": [7.5, 4.5, 7, 5], "texture": "#0"}
			}
		},
		{
			"from": [11.7275, 4.485, 8.84],
			"to": [12.2525, 5.01, 9.365],
			"rotation": {"angle": 0, "axis": "y", "origin": [10.1, 0.6, 10.1]},
			"faces": {
				"north": {"uv": [5, 7, 5.5, 7.5], "texture": "#0"},
				"east": {"uv": [7, 5, 7.5, 5.5], "texture": "#0"},
				"south": {"uv": [5.5, 7, 6, 7.5], "texture": "#0"},
				"west": {"uv": [7, 5.5, 7.5, 6], "texture": "#0"},
				"up": {"uv": [6.5, 7.5, 6, 7], "texture": "#0"},
				"down": {"uv": [7.5, 6, 7, 6.5], "texture": "#0"}
			}
		},
		{
			"from": [9.8375, 0.6, 8],
			"to": [10.625, 1.3875, 8.7875],
			"rotation": {"angle": 0, "axis": "x", "origin": [10.1, 0.6, 9.05]},
			"faces": {
				"north": {"uv": [6.5, 7, 7, 7.5], "texture": "#0"},
				"east": {"uv": [7, 6.5, 7.5, 7], "texture": "#0"},
				"south": {"uv": [7, 7, 7.5, 7.5], "texture": "#0"},
				"west": {"uv": [0, 7.5, 0.5, 8], "texture": "#0"},
				"up": {"uv": [8, 0.5, 7.5, 0], "texture": "#0"},
				"down": {"uv": [1, 7.5, 0.5, 8], "texture": "#0"}
			}
		},
		{
			"from": [10.3625, 1.3875, 8.2625],
			"to": [11.15, 2.175, 9.05],
			"rotation": {"angle": 0, "axis": "x", "origin": [10.1, 1.65, 9.05]},
			"faces": {
				"north": {"uv": [7.5, 0.5, 8, 1], "texture": "#0"},
				"east": {"uv": [1, 7.5, 1.5, 8], "texture": "#0"},
				"south": {"uv": [7.5, 1, 8, 1.5], "texture": "#0"},
				"west": {"uv": [1.5, 7.5, 2, 8], "texture": "#0"},
				"up": {"uv": [8, 2, 7.5, 1.5], "texture": "#0"},
				"down": {"uv": [2.5, 7.5, 2, 8], "texture": "#0"}
			}
		},
		{
			"from": [10.52, 2.175, 8.42],
			"to": [11.15, 2.805, 9.05],
			"rotation": {"angle": 0, "axis": "x", "origin": [10.1, 1.65, 9.05]},
			"faces": {
				"north": {"uv": [7.5, 2, 8, 2.5], "texture": "#0"},
				"east": {"uv": [2.5, 7.5, 3, 8], "texture": "#0"},
				"south": {"uv": [7.5, 2.5, 8, 3], "texture": "#0"},
				"west": {"uv": [3, 7.5, 3.5, 8], "texture": "#0"},
				"up": {"uv": [8, 3.5, 7.5, 3], "texture": "#0"},
				"down": {"uv": [4, 7.5, 3.5, 8], "texture": "#0"}
			}
		},
		{
			"from": [10.625, 2.805, 8.3675],
			"to": [11.255, 3.435, 8.9975],
			"rotation": {"angle": 0, "axis": "x", "origin": [10.1, 1.65, 9.05]},
			"faces": {
				"north": {"uv": [7.5, 3.5, 8, 4], "texture": "#0"},
				"east": {"uv": [4, 7.5, 4.5, 8], "texture": "#0"},
				"south": {"uv": [7.5, 4, 8, 4.5], "texture": "#0"},
				"west": {"uv": [4.5, 7.5, 5, 8], "texture": "#0"},
				"up": {"uv": [8, 5, 7.5, 4.5], "texture": "#0"},
				"down": {"uv": [5.5, 7.5, 5, 8], "texture": "#0"}
			}
		},
		{
			"from": [10.835, 3.435, 8.315],
			"to": [11.36, 3.96, 8.84],
			"rotation": {"angle": 0, "axis": "y", "origin": [10.1, 1.65, 9.05]},
			"faces": {
				"north": {"uv": [7.5, 5, 8, 5.5], "texture": "#0"},
				"east": {"uv": [5.5, 7.5, 6, 8], "texture": "#0"},
				"south": {"uv": [7.5, 5.5, 8, 6], "texture": "#0"},
				"west": {"uv": [6, 7.5, 6.5, 8], "texture": "#0"},
				"up": {"uv": [8, 6.5, 7.5, 6], "texture": "#0"},
				"down": {"uv": [7, 7.5, 6.5, 8], "texture": "#0"}
			}
		},
		{
			"from": [11.045, 3.96, 8.2625],
			"to": [11.57, 4.485, 8.7875],
			"rotation": {"angle": 0, "axis": "y", "origin": [10.1, 1.65, 9.05]},
			"faces": {
				"north": {"uv": [7.5, 6.5, 8, 7], "texture": "#0"},
				"east": {"uv": [7, 7.5, 7.5, 8], "texture": "#0"},
				"south": {"uv": [7.5, 7, 8, 7.5], "texture": "#0"},
				"west": {"uv": [7.5, 7.5, 8, 8], "texture": "#0"},
				"up": {"uv": [0.5, 8.5, 0, 8], "texture": "#0"},
				"down": {"uv": [8.5, 0, 8, 0.5], "texture": "#0"}
			}
		},
		{
			"from": [11.36, 4.485, 8.315],
			"to": [11.885, 5.01, 8.84],
			"rotation": {"angle": 0, "axis": "y", "origin": [10.1, 1.65, 9.05]},
			"faces": {
				"north": {"uv": [0.5, 8, 1, 8.5], "texture": "#0"},
				"east": {"uv": [8, 0.5, 8.5, 1], "texture": "#0"},
				"south": {"uv": [1, 8, 1.5, 8.5], "texture": "#0"},
				"west": {"uv": [8, 1, 8.5, 1.5], "texture": "#0"},
				"up": {"uv": [2, 8.5, 1.5, 8], "texture": "#0"},
				"down": {"uv": [8.5, 1.5, 8, 2], "texture": "#0"}
			}
		},
		{
			"from": [11.7821, 4.905, 8.42],
			"to": [12.305, 5.43, 8.945],
			"rotation": {"angle": 0, "axis": "y", "origin": [10.1, 1.65, 9.05]},
			"faces": {
				"north": {"uv": [2, 8, 2.5, 8.5], "texture": "#0"},
				"east": {"uv": [8, 2, 8.5, 2.5], "texture": "#0"},
				"south": {"uv": [2.5, 8, 3, 8.5], "texture": "#0"},
				"west": {"uv": [8, 2.5, 8.5, 3], "texture": "#0"},
				"up": {"uv": [3.5, 8.5, 3, 8], "texture": "#0"},
				"down": {"uv": [8.5, 3, 8, 3.5], "texture": "#0"}
			}
		},
		{
			"from": [1.7, 0.6, 9.3125],
			"to": [2.4875, 1.3875, 10.1],
			"rotation": {"angle": 0, "axis": "y", "origin": [1.7, 0.6, 9.05]},
			"faces": {
				"north": {"uv": [0, 0, 0.5, 0.5], "texture": "#2"},
				"east": {"uv": [0, 0.5, 0.5, 1], "texture": "#2"},
				"south": {"uv": [0.5, 0, 1, 0.5], "texture": "#2"},
				"west": {"uv": [0.5, 0.5, 1, 1], "texture": "#2"},
				"up": {"uv": [0.5, 1.5, 0, 1], "texture": "#2"},
				"down": {"uv": [1.5, 0, 1, 0.5], "texture": "#2"}
			}
		},
		{
			"from": [1.9625, 1.3875, 9.3125],
			"to": [2.75, 2.175, 10.1],
			"rotation": {"angle": 0, "axis": "y", "origin": [1.7, 1.65, 9.05]},
			"faces": {
				"north": {"uv": [0.5, 1, 1, 1.5], "texture": "#2"},
				"east": {"uv": [1, 0.5, 1.5, 1], "texture": "#2"},
				"south": {"uv": [1, 1, 1.5, 1.5], "texture": "#2"},
				"west": {"uv": [0, 1.5, 0.5, 2], "texture": "#2"},
				"up": {"uv": [2, 0.5, 1.5, 0], "texture": "#2"},
				"down": {"uv": [1, 1.5, 0.5, 2], "texture": "#2"}
			}
		},
		{
			"from": [2.12, 2.175, 9.155],
			"to": [2.75, 2.805, 9.785],
			"rotation": {"angle": 0, "axis": "y", "origin": [1.7, 1.65, 9.05]},
			"faces": {
				"north": {"uv": [1.5, 0.5, 2, 1], "texture": "#2"},
				"east": {"uv": [1, 1.5, 1.5, 2], "texture": "#2"},
				"south": {"uv": [1.5, 1, 2, 1.5], "texture": "#2"},
				"west": {"uv": [1.5, 1.5, 2, 2], "texture": "#2"},
				"up": {"uv": [0.5, 2.5, 0, 2], "texture": "#2"},
				"down": {"uv": [2.5, 0, 2, 0.5], "texture": "#2"}
			}
		},
		{
			"from": [2.225, 2.805, 8.945],
			"to": [2.855, 3.435, 9.575],
			"rotation": {"angle": 0, "axis": "y", "origin": [1.7, 1.65, 9.05]},
			"faces": {
				"north": {"uv": [0.5, 2, 1, 2.5], "texture": "#2"},
				"east": {"uv": [2, 0.5, 2.5, 1], "texture": "#2"},
				"south": {"uv": [1, 2, 1.5, 2.5], "texture": "#2"},
				"west": {"uv": [2, 1, 2.5, 1.5], "texture": "#2"},
				"up": {"uv": [2, 2.5, 1.5, 2], "texture": "#2"},
				"down": {"uv": [2.5, 1.5, 2, 2], "texture": "#2"}
			}
		},
		{
			"from": [2.435, 3.435, 8.84],
			"to": [2.96, 3.96, 9.365],
			"rotation": {"angle": 0, "axis": "y", "origin": [1.7, 2.7, 9.05]},
			"faces": {
				"north": {"uv": [2, 2, 2.5, 2.5], "texture": "#2"},
				"east": {"uv": [0, 2.5, 0.5, 3], "texture": "#2"},
				"south": {"uv": [2.5, 0, 3, 0.5], "texture": "#2"},
				"west": {"uv": [0.5, 2.5, 1, 3], "texture": "#2"},
				"up": {"uv": [3, 1, 2.5, 0.5], "texture": "#2"},
				"down": {"uv": [1.5, 2.5, 1, 3], "texture": "#2"}
			}
		},
		{
			"from": [2.435, 3.96, 8.735],
			"to": [2.96, 4.485, 9.26],
			"rotation": {"angle": 0, "axis": "y", "origin": [1.7, 2.7, 9.05]},
			"faces": {
				"north": {"uv": [2.5, 1, 3, 1.5], "texture": "#2"},
				"east": {"uv": [1.5, 2.5, 2, 3], "texture": "#2"},
				"south": {"uv": [2.5, 1.5, 3, 2], "texture": "#2"},
				"west": {"uv": [2, 2.5, 2.5, 3], "texture": "#2"},
				"up": {"uv": [3, 2.5, 2.5, 2], "texture": "#2"},
				"down": {"uv": [3, 2.5, 2.5, 3], "texture": "#2"}
			}
		},
		{
			"from": [2.8025, 4.485, 8.6825],
			"to": [3.3275, 5.01, 9.2075],
			"rotation": {"angle": 0, "axis": "y", "origin": [1.7, 2.7, 9.05]},
			"faces": {
				"north": {"uv": [0, 3, 0.5, 3.5], "texture": "#2"},
				"east": {"uv": [3, 0, 3.5, 0.5], "texture": "#2"},
				"south": {"uv": [0.5, 3, 1, 3.5], "texture": "#2"},
				"west": {"uv": [3, 0.5, 3.5, 1], "texture": "#2"},
				"up": {"uv": [1.5, 3.5, 1, 3], "texture": "#2"},
				"down": {"uv": [3.5, 1, 3, 1.5], "texture": "#2"}
			}
		},
		{
			"from": [3.17, 5.01, 8.42],
			"to": [3.695, 5.535, 8.945],
			"rotation": {"angle": 0, "axis": "y", "origin": [1.7, 2.7, 9.05]},
			"faces": {
				"north": {"uv": [1.5, 3, 2, 3.5], "texture": "#2"},
				"east": {"uv": [3, 1.5, 3.5, 2], "texture": "#2"},
				"south": {"uv": [2, 3, 2.5, 3.5], "texture": "#2"},
				"west": {"uv": [3, 2, 3.5, 2.5], "texture": "#2"},
				"up": {"uv": [3, 3.5, 2.5, 3], "texture": "#2"},
				"down": {"uv": [3.5, 2.5, 3, 3], "texture": "#2"}
			}
		},
		{
			"from": [2.225, 0.6, 10.1],
			"to": [3.0125, 1.3875, 10.8875],
			"rotation": {"angle": 0, "axis": "y", "origin": [2.75, 0.6, 9.05]},
			"faces": {
				"north": {"uv": [3, 3, 3.5, 3.5], "texture": "#2"},
				"east": {"uv": [0, 3.5, 0.5, 4], "texture": "#2"},
				"south": {"uv": [3.5, 0, 4, 0.5], "texture": "#2"},
				"west": {"uv": [0.5, 3.5, 1, 4], "texture": "#2"},
				"up": {"uv": [4, 1, 3.5, 0.5], "texture": "#2"},
				"down": {"uv": [1.5, 3.5, 1, 4], "texture": "#2"}
			}
		},
		{
			"from": [2.4875, 1.3875, 9.8375],
			"to": [3.275, 2.1729, 10.625],
			"rotation": {"angle": 0, "axis": "y", "origin": [2.75, 1.65, 9.05]},
			"faces": {
				"north": {"uv": [3.5, 1, 4, 1.5], "texture": "#2"},
				"east": {"uv": [1.5, 3.5, 2, 4], "texture": "#2"},
				"south": {"uv": [3.5, 1.5, 4, 2], "texture": "#2"},
				"west": {"uv": [2, 3.5, 2.5, 4], "texture": "#2"},
				"up": {"uv": [4, 2.5, 3.5, 2], "texture": "#2"},
				"down": {"uv": [3, 3.5, 2.5, 4], "texture": "#2"}
			}
		},
		{
			"from": [2.5925, 2.175, 9.785],
			"to": [3.2225, 2.805, 10.415],
			"rotation": {"angle": 0, "axis": "y", "origin": [2.75, 1.65, 9.05]},
			"faces": {
				"north": {"uv": [3.5, 2.5, 4, 3], "texture": "#2"},
				"east": {"uv": [3, 3.5, 3.5, 4], "texture": "#2"},
				"south": {"uv": [3.5, 3, 4, 3.5], "texture": "#2"},
				"west": {"uv": [3.5, 3.5, 4, 4], "texture": "#2"},
				"up": {"uv": [0.5, 4.5, 0, 4], "texture": "#2"},
				"down": {"uv": [4.5, 0, 4, 0.5], "texture": "#2"}
			}
		},
		{
			"from": [2.5925, 2.805, 9.575],
			"to": [3.2225, 3.435, 10.205],
			"rotation": {"angle": 0, "axis": "y", "origin": [2.75, 1.65, 9.05]},
			"faces": {
				"north": {"uv": [0.5, 4, 1, 4.5], "texture": "#2"},
				"east": {"uv": [4, 0.5, 4.5, 1], "texture": "#2"},
				"south": {"uv": [1, 4, 1.5, 4.5], "texture": "#2"},
				"west": {"uv": [4, 1, 4.5, 1.5], "texture": "#2"},
				"up": {"uv": [2, 4.5, 1.5, 4], "texture": "#2"},
				"down": {"uv": [4.5, 1.5, 4, 2], "texture": "#2"}
			}
		},
		{
			"from": [2.8025, 3.435, 9.365],
			"to": [3.3275, 3.96, 9.89],
			"rotation": {"angle": 0, "axis": "y", "origin": [2.75, 1.65, 9.05]},
			"faces": {
				"north": {"uv": [2, 4, 2.5, 4.5], "texture": "#2"},
				"east": {"uv": [4, 2, 4.5, 2.5], "texture": "#2"},
				"south": {"uv": [2.5, 4, 3, 4.5], "texture": "#2"},
				"west": {"uv": [4, 2.5, 4.5, 3], "texture": "#2"},
				"up": {"uv": [3.5, 4.5, 3, 4], "texture": "#2"},
				"down": {"uv": [4.5, 3, 4, 3.5], "texture": "#2"}
			}
		},
		{
			"from": [2.8025, 3.96, 9.2075],
			"to": [3.3275, 4.4829, 9.7325],
			"rotation": {"angle": 0, "axis": "y", "origin": [2.75, 1.65, 9.05]},
			"faces": {
				"north": {"uv": [3.5, 4, 4, 4.5], "texture": "#2"},
				"east": {"uv": [4, 3.5, 4.5, 4], "texture": "#2"},
				"south": {"uv": [4, 4, 4.5, 4.5], "texture": "#2"},
				"west": {"uv": [0, 4.5, 0.5, 5], "texture": "#2"},
				"up": {"uv": [5, 0.5, 4.5, 0], "texture": "#2"},
				"down": {"uv": [1, 4.5, 0.5, 5], "texture": "#2"}
			}
		},
		{
			"from": [3.0125, 4.485, 9.2075],
			"to": [3.5375, 5.01, 9.47],
			"rotation": {"angle": 0, "axis": "y", "origin": [2.75, 1.65, 9.05]},
			"faces": {
				"north": {"uv": [4.5, 0.5, 5, 1], "texture": "#2"},
				"east": {"uv": [1, 4.5, 1.5, 5], "texture": "#2"},
				"south": {"uv": [4.5, 1, 5, 1.5], "texture": "#2"},
				"west": {"uv": [1.5, 4.5, 2, 5], "texture": "#2"},
				"up": {"uv": [5, 2, 4.5, 1.5], "texture": "#2"},
				"down": {"uv": [2.5, 4.5, 2, 5], "texture": "#2"}
			}
		},
		{
			"from": [3.2225, 4.905, 8.945],
			"to": [3.7454, 5.43, 9.47],
			"rotation": {"angle": 0, "axis": "y", "origin": [2.75, 2.7, 9.05]},
			"faces": {
				"north": {"uv": [4.5, 2, 5, 2.5], "texture": "#2"},
				"east": {"uv": [2.5, 4.5, 3, 5], "texture": "#2"},
				"south": {"uv": [4.5, 2.5, 5, 3], "texture": "#2"},
				"west": {"uv": [3, 4.5, 3.5, 5], "texture": "#2"},
				"up": {"uv": [5, 3.5, 4.5, 3], "texture": "#2"},
				"down": {"uv": [4, 4.5, 3.5, 5], "texture": "#2"}
			}
		},
		{
			"from": [3.0125, 0.6, 10.625],
			"to": [3.8, 1.3875, 11.4125],
			"rotation": {"angle": 0, "axis": "y", "origin": [2.75, 0.6, 10.1]},
			"faces": {
				"north": {"uv": [4.5, 3.5, 5, 4], "texture": "#2"},
				"east": {"uv": [4, 4.5, 4.5, 5], "texture": "#2"},
				"south": {"uv": [4.5, 4, 5, 4.5], "texture": "#2"},
				"west": {"uv": [4.5, 4.5, 5, 5], "texture": "#2"},
				"up": {"uv": [0.5, 5.5, 0, 5], "texture": "#2"},
				"down": {"uv": [5.5, 0, 5, 0.5], "texture": "#2"}
			}
		},
		{
			"from": [3.0125, 1.3875, 10.3625],
			"to": [3.8, 2.175, 11.15],
			"rotation": {"angle": 0, "axis": "y", "origin": [2.75, 1.65, 10.1]},
			"faces": {
				"north": {"uv": [0.5, 5, 1, 5.5], "texture": "#2"},
				"east": {"uv": [5, 0.5, 5.5, 1], "texture": "#2"},
				"south": {"uv": [1, 5, 1.5, 5.5], "texture": "#2"},
				"west": {"uv": [5, 1, 5.5, 1.5], "texture": "#2"},
				"up": {"uv": [2, 5.5, 1.5, 5], "texture": "#2"},
				"down": {"uv": [5.5, 1.5, 5, 2], "texture": "#2"}
			}
		},
		{
			"from": [3.17, 2.175, 10.2575],
			"to": [3.8, 2.805, 10.8875],
			"rotation": {"angle": 0, "axis": "y", "origin": [2.75, 1.65, 10.1]},
			"faces": {
				"north": {"uv": [2, 5, 2.5, 5.5], "texture": "#2"},
				"east": {"uv": [5, 2, 5.5, 2.5], "texture": "#2"},
				"south": {"uv": [2.5, 5, 3, 5.5], "texture": "#2"},
				"west": {"uv": [5, 2.5, 5.5, 3], "texture": "#2"},
				"up": {"uv": [3.5, 5.5, 3, 5], "texture": "#2"},
				"down": {"uv": [5.5, 3, 5, 3.5], "texture": "#2"}
			}
		},
		{
			"from": [3.17, 2.805, 9.995],
			"to": [3.8, 3.4329, 10.625],
			"rotation": {"angle": 0, "axis": "y", "origin": [2.75, 2.7, 10.1]},
			"faces": {
				"north": {"uv": [3.5, 5, 4, 5.5], "texture": "#2"},
				"east": {"uv": [5, 3.5, 5.5, 4], "texture": "#2"},
				"south": {"uv": [4, 5, 4.5, 5.5], "texture": "#2"},
				"west": {"uv": [5, 4, 5.5, 4.5], "texture": "#2"},
				"up": {"uv": [5, 5.5, 4.5, 5], "texture": "#2"},
				"down": {"uv": [5.5, 4.5, 5, 5], "texture": "#2"}
			}
		},
		{
			"from": [3.2225, 3.435, 9.89],
			"to": [3.7475, 3.96, 10.415],
			"rotation": {"angle": 0, "axis": "y", "origin": [2.75, 2.7, 10.1]},
			"faces": {
				"north": {"uv": [5, 5, 5.5, 5.5], "texture": "#2"},
				"east": {"uv": [0, 5.5, 0.5, 6], "texture": "#2"},
				"south": {"uv": [5.5, 0, 6, 0.5], "texture": "#2"},
				"west": {"uv": [0.5, 5.5, 1, 6], "texture": "#2"},
				"up": {"uv": [6, 1, 5.5, 0.5], "texture": "#2"},
				"down": {"uv": [1.5, 5.5, 1, 6], "texture": "#2"}
			}
		},
		{
			"from": [3.2225, 3.96, 9.6275],
			"to": [3.7475, 4.485, 10.1525],
			"rotation": {"angle": 0, "axis": "y", "origin": [2.75, 3.75, 10.1]},
			"faces": {
				"north": {"uv": [5.5, 1, 6, 1.5], "texture": "#2"},
				"east": {"uv": [1.5, 5.5, 2, 6], "texture": "#2"},
				"south": {"uv": [5.5, 1.5, 6, 2], "texture": "#2"},
				"west": {"uv": [2, 5.5, 2.5, 6], "texture": "#2"},
				"up": {"uv": [6, 2.5, 5.5, 2], "texture": "#2"},
				"down": {"uv": [3, 5.5, 2.5, 6], "texture": "#2"}
			}
		},
		{
			"from": [3.2225, 4.485, 9.3125],
			"to": [3.7475, 5.01, 9.8375],
			"rotation": {"angle": 0, "axis": "y", "origin": [2.75, 3.75, 10.1]},
			"faces": {
				"north": {"uv": [5.5, 2.5, 6, 3], "texture": "#2"},
				"east": {"uv": [3, 5.5, 3.5, 6], "texture": "#2"},
				"south": {"uv": [5.5, 3, 6, 3.5], "texture": "#2"},
				"west": {"uv": [3.5, 5.5, 4, 6], "texture": "#2"},
				"up": {"uv": [6, 4, 5.5, 3.5], "texture": "#2"},
				"down": {"uv": [4.5, 5.5, 4, 6], "texture": "#2"}
			}
		},
		{
			"from": [3.8, 0.6, 10.1],
			"to": [4.5875, 1.3875, 10.8875],
			"rotation": {"angle": 0, "axis": "y", "origin": [3.8, 0.6, 10.1]},
			"faces": {
				"north": {"uv": [5.5, 4, 6, 4.5], "texture": "#2"},
				"east": {"uv": [4.5, 5.5, 5, 6], "texture": "#2"},
				"south": {"uv": [5.5, 4.5, 6, 5], "texture": "#2"},
				"west": {"uv": [5, 5.5, 5.5, 6], "texture": "#2"},
				"up": {"uv": [6, 5.5, 5.5, 5], "texture": "#2"},
				"down": {"uv": [6, 5.5, 5.5, 6], "texture": "#2"}
			}
		},
		{
			"from": [3.8, 1.3875, 9.8375],
			"to": [4.5875, 2.175, 10.625],
			"rotation": {"angle": 0, "axis": "y", "origin": [3.8, 1.65, 10.1]},
			"faces": {
				"north": {"uv": [0, 6, 0.5, 6.5], "texture": "#2"},
				"east": {"uv": [6, 0, 6.5, 0.5], "texture": "#2"},
				"south": {"uv": [0.5, 6, 1, 6.5], "texture": "#2"},
				"west": {"uv": [6, 0.5, 6.5, 1], "texture": "#2"},
				"up": {"uv": [1.5, 6.5, 1, 6], "texture": "#2"},
				"down": {"uv": [6.5, 1, 6, 1.5], "texture": "#2"}
			}
		},
		{
			"from": [3.695, 2.175, 9.68],
			"to": [4.325, 2.805, 10.31],
			"rotation": {"angle": 0, "axis": "y", "origin": [3.8, 1.65, 10.1]},
			"faces": {
				"north": {"uv": [1.5, 6, 2, 6.5], "texture": "#2"},
				"east": {"uv": [6, 1.5, 6.5, 2], "texture": "#2"},
				"south": {"uv": [2, 6, 2.5, 6.5], "texture": "#2"},
				"west": {"uv": [6, 2, 6.5, 2.5], "texture": "#2"},
				"up": {"uv": [3, 6.5, 2.5, 6], "texture": "#2"},
				"down": {"uv": [6.5, 2.5, 6, 3], "texture": "#2"}
			}
		},
		{
			"from": [3.6425, 2.805, 9.575],
			"to": [4.2725, 3.435, 10.205],
			"rotation": {"angle": 0, "axis": "y", "origin": [3.8, 1.65, 10.1]},
			"faces": {
				"north": {"uv": [3, 6, 3.5, 6.5], "texture": "#2"},
				"east": {"uv": [6, 3, 6.5, 3.5], "texture": "#2"},
				"south": {"uv": [3.5, 6, 4, 6.5], "texture": "#2"},
				"west": {"uv": [6, 3.5, 6.5, 4], "texture": "#2"},
				"up": {"uv": [4.5, 6.5, 4, 6], "texture": "#2"},
				"down": {"uv": [6.5, 4, 6, 4.5], "texture": "#2"}
			}
		},
		{
			"from": [3.695, 3.435, 9.365],
			"to": [4.22, 3.96, 9.89],
			"rotation": {"angle": 0, "axis": "y", "origin": [3.8, 1.65, 10.1]},
			"faces": {
				"north": {"uv": [4.5, 6, 5, 6.5], "texture": "#2"},
				"east": {"uv": [6, 4.5, 6.5, 5], "texture": "#2"},
				"south": {"uv": [5, 6, 5.5, 6.5], "texture": "#2"},
				"west": {"uv": [6, 5, 6.5, 5.5], "texture": "#2"},
				"up": {"uv": [6, 6.5, 5.5, 6], "texture": "#2"},
				"down": {"uv": [6.5, 5.5, 6, 6], "texture": "#2"}
			}
		},
		{
			"from": [3.695, 3.96, 9.2075],
			"to": [4.22, 4.485, 9.7325],
			"rotation": {"angle": 0, "axis": "y", "origin": [3.8, 1.65, 10.1]},
			"faces": {
				"north": {"uv": [6, 6, 6.5, 6.5], "texture": "#2"},
				"east": {"uv": [0, 6.5, 0.5, 7], "texture": "#2"},
				"south": {"uv": [6.5, 0, 7, 0.5], "texture": "#2"},
				"west": {"uv": [0.5, 6.5, 1, 7], "texture": "#2"},
				"up": {"uv": [7, 1, 6.5, 0.5], "texture": "#2"},
				"down": {"uv": [1.5, 6.5, 1, 7], "texture": "#2"}
			}
		},
		{
			"from": [4.5875, 0.6, 9.575],
			"to": [5.375, 1.3875, 10.3625],
			"rotation": {"angle": 0, "axis": "y", "origin": [4.85, 0.6, 10.1]},
			"faces": {
				"north": {"uv": [6.5, 1, 7, 1.5], "texture": "#2"},
				"east": {"uv": [1.5, 6.5, 2, 7], "texture": "#2"},
				"south": {"uv": [6.5, 1.5, 7, 2], "texture": "#2"},
				"west": {"uv": [2, 6.5, 2.5, 7], "texture": "#2"},
				"up": {"uv": [7, 2.5, 6.5, 2], "texture": "#2"},
				"down": {"uv": [3, 6.5, 2.5, 7], "texture": "#2"}
			}
		},
		{
			"from": [5.1125, 0.6, 8.7875],
			"to": [5.9, 1.3875, 9.575],
			"rotation": {"angle": 0, "axis": "y", "origin": [5.9, 0.6, 10.1]},
			"faces": {
				"north": {"uv": [6.5, 2.5, 7, 3], "texture": "#2"},
				"east": {"uv": [3, 6.5, 3.5, 7], "texture": "#2"},
				"south": {"uv": [6.5, 3, 7, 3.5], "texture": "#2"},
				"west": {"uv": [3.5, 6.5, 4, 7], "texture": "#2"},
				"up": {"uv": [7, 4, 6.5, 3.5], "texture": "#2"},
				"down": {"uv": [4.5, 6.5, 4, 7], "texture": "#2"}
			}
		},
		{
			"from": [4.325, 1.3875, 9.05],
			"to": [5.1125, 2.175, 9.8375],
			"rotation": {"angle": 0, "axis": "y", "origin": [5.9, 0.6, 10.1]},
			"faces": {
				"north": {"uv": [6.5, 4, 7, 4.5], "texture": "#2"},
				"east": {"uv": [4.5, 6.5, 5, 7], "texture": "#2"},
				"south": {"uv": [6.5, 4.5, 7, 5], "texture": "#2"},
				"west": {"uv": [5, 6.5, 5.5, 7], "texture": "#2"},
				"up": {"uv": [7, 5.5, 6.5, 5], "texture": "#2"},
				"down": {"uv": [6, 6.5, 5.5, 7], "texture": "#2"}
			}
		},
		{
			"from": [4.2725, 2.175, 9.05],
			"to": [4.9025, 2.805, 9.68],
			"rotation": {"angle": 0, "axis": "y", "origin": [5.9, 0.6, 10.1]},
			"faces": {
				"north": {"uv": [6.5, 5.5, 7, 6], "texture": "#2"},
				"east": {"uv": [6, 6.5, 6.5, 7], "texture": "#2"},
				"south": {"uv": [6.5, 6, 7, 6.5], "texture": "#2"},
				"west": {"uv": [6.5, 6.5, 7, 7], "texture": "#2"},
				"up": {"uv": [0.5, 7.5, 0, 7], "texture": "#2"},
				"down": {"uv": [7.5, 0, 7, 0.5], "texture": "#2"}
			}
		},
		{
			"from": [4.22, 2.805, 8.945],
			"to": [4.85, 3.4329, 9.575],
			"rotation": {"angle": 0, "axis": "y", "origin": [5.9, 0.6, 10.1]},
			"faces": {
				"north": {"uv": [0.5, 7, 1, 7.5], "texture": "#2"},
				"east": {"uv": [7, 0.5, 7.5, 1], "texture": "#2"},
				"south": {"uv": [1, 7, 1.5, 7.5], "texture": "#2"},
				"west": {"uv": [7, 1, 7.5, 1.5], "texture": "#2"},
				"up": {"uv": [2, 7.5, 1.5, 7], "texture": "#2"},
				"down": {"uv": [7.5, 1.5, 7, 2], "texture": "#2"}
			}
		},
		{
			"from": [4.22, 3.435, 8.84],
			"to": [4.745, 3.96, 9.365],
			"rotation": {"angle": 0, "axis": "y", "origin": [5.9, 0.6, 10.1]},
			"faces": {
				"north": {"uv": [2, 7, 2.5, 7.5], "texture": "#2"},
				"east": {"uv": [7, 2, 7.5, 2.5], "texture": "#2"},
				"south": {"uv": [2.5, 7, 3, 7.5], "texture": "#2"},
				"west": {"uv": [7, 2.5, 7.5, 3], "texture": "#2"},
				"up": {"uv": [3.5, 7.5, 3, 7], "texture": "#2"},
				"down": {"uv": [7.5, 3, 7, 3.5], "texture": "#2"}
			}
		},
		{
			"from": [4.115, 3.96, 8.7875],
			"to": [4.64, 4.485, 9.3125],
			"rotation": {"angle": 0, "axis": "y", "origin": [5.9, 0.6, 10.1]},
			"faces": {
				"north": {"uv": [3.5, 7, 4, 7.5], "texture": "#2"},
				"east": {"uv": [7, 3.5, 7.5, 4], "texture": "#2"},
				"south": {"uv": [4, 7, 4.5, 7.5], "texture": "#2"},
				"west": {"uv": [7, 4, 7.5, 4.5], "texture": "#2"},
				"up": {"uv": [5, 7.5, 4.5, 7], "texture": "#2"},
				"down": {"uv": [7.5, 4.5, 7, 5], "texture": "#2"}
			}
		},
		{
			"from": [3.7475, 4.485, 8.84],
			"to": [4.2725, 5.01, 9.365],
			"rotation": {"angle": 0, "axis": "y", "origin": [5.9, 0.6, 10.1]},
			"faces": {
				"north": {"uv": [5, 7, 5.5, 7.5], "texture": "#2"},
				"east": {"uv": [7, 5, 7.5, 5.5], "texture": "#2"},
				"south": {"uv": [5.5, 7, 6, 7.5], "texture": "#2"},
				"west": {"uv": [7, 5.5, 7.5, 6], "texture": "#2"},
				"up": {"uv": [6.5, 7.5, 6, 7], "texture": "#2"},
				"down": {"uv": [7.5, 6, 7, 6.5], "texture": "#2"}
			}
		},
		{
			"from": [5.375, 0.6, 8],
			"to": [6.1625, 1.3875, 8.7875],
			"rotation": {"angle": 0, "axis": "y", "origin": [5.9, 0.6, 9.05]},
			"faces": {
				"north": {"uv": [6.5, 7, 7, 7.5], "texture": "#2"},
				"east": {"uv": [7, 6.5, 7.5, 7], "texture": "#2"},
				"south": {"uv": [7, 7, 7.5, 7.5], "texture": "#2"},
				"west": {"uv": [0, 7.5, 0.5, 8], "texture": "#2"},
				"up": {"uv": [8, 0.5, 7.5, 0], "texture": "#2"},
				"down": {"uv": [1, 7.5, 0.5, 8], "texture": "#2"}
			}
		},
		{
			"from": [4.85, 1.3875, 8.2625],
			"to": [5.6375, 2.175, 9.05],
			"rotation": {"angle": 0, "axis": "y", "origin": [5.9, 1.65, 9.05]},
			"faces": {
				"north": {"uv": [7.5, 0.5, 8, 1], "texture": "#2"},
				"east": {"uv": [1, 7.5, 1.5, 8], "texture": "#2"},
				"south": {"uv": [7.5, 1, 8, 1.5], "texture": "#2"},
				"west": {"uv": [1.5, 7.5, 2, 8], "texture": "#2"},
				"up": {"uv": [8, 2, 7.5, 1.5], "texture": "#2"},
				"down": {"uv": [2.5, 7.5, 2, 8], "texture": "#2"}
			}
		},
		{
			"from": [4.85, 2.175, 8.42],
			"to": [5.48, 2.805, 9.05],
			"rotation": {"angle": 0, "axis": "y", "origin": [5.9, 1.65, 9.05]},
			"faces": {
				"north": {"uv": [7.5, 2, 8, 2.5], "texture": "#2"},
				"east": {"uv": [2.5, 7.5, 3, 8], "texture": "#2"},
				"south": {"uv": [7.5, 2.5, 8, 3], "texture": "#2"},
				"west": {"uv": [3, 7.5, 3.5, 8], "texture": "#2"},
				"up": {"uv": [8, 3.5, 7.5, 3], "texture": "#2"},
				"down": {"uv": [4, 7.5, 3.5, 8], "texture": "#2"}
			}
		},
		{
			"from": [4.745, 2.805, 8.3675],
			"to": [5.375, 3.435, 8.9975],
			"rotation": {"angle": 0, "axis": "y", "origin": [5.9, 1.65, 9.05]},
			"faces": {
				"north": {"uv": [7.5, 3.5, 8, 4], "texture": "#2"},
				"east": {"uv": [4, 7.5, 4.5, 8], "texture": "#2"},
				"south": {"uv": [7.5, 4, 8, 4.5], "texture": "#2"},
				"west": {"uv": [4.5, 7.5, 5, 8], "texture": "#2"},
				"up": {"uv": [8, 5, 7.5, 4.5], "texture": "#2"},
				"down": {"uv": [5.5, 7.5, 5, 8], "texture": "#2"}
			}
		},
		{
			"from": [4.64, 3.435, 8.315],
			"to": [5.165, 3.96, 8.84],
			"rotation": {"angle": 0, "axis": "y", "origin": [5.9, 1.65, 9.05]},
			"faces": {
				"north": {"uv": [7.5, 5, 8, 5.5], "texture": "#2"},
				"east": {"uv": [5.5, 7.5, 6, 8], "texture": "#2"},
				"south": {"uv": [7.5, 5.5, 8, 6], "texture": "#2"},
				"west": {"uv": [6, 7.5, 6.5, 8], "texture": "#2"},
				"up": {"uv": [8, 6.5, 7.5, 6], "texture": "#2"},
				"down": {"uv": [7, 7.5, 6.5, 8], "texture": "#2"}
			}
		},
		{
			"from": [4.43, 3.96, 8.2625],
			"to": [4.955, 4.485, 8.7875],
			"rotation": {"angle": 0, "axis": "y", "origin": [5.9, 1.65, 9.05]},
			"faces": {
				"north": {"uv": [7.5, 6.5, 8, 7], "texture": "#2"},
				"east": {"uv": [7, 7.5, 7.5, 8], "texture": "#2"},
				"south": {"uv": [7.5, 7, 8, 7.5], "texture": "#2"},
				"west": {"uv": [7.5, 7.5, 8, 8], "texture": "#2"},
				"up": {"uv": [0.5, 8.5, 0, 8], "texture": "#2"},
				"down": {"uv": [8.5, 0, 8, 0.5], "texture": "#2"}
			}
		},
		{
			"from": [4.115, 4.485, 8.315],
			"to": [4.64, 5.01, 8.84],
			"rotation": {"angle": 0, "axis": "y", "origin": [5.9, 1.65, 9.05]},
			"faces": {
				"north": {"uv": [0.5, 8, 1, 8.5], "texture": "#2"},
				"east": {"uv": [8, 0.5, 8.5, 1], "texture": "#2"},
				"south": {"uv": [1, 8, 1.5, 8.5], "texture": "#2"},
				"west": {"uv": [8, 1, 8.5, 1.5], "texture": "#2"},
				"up": {"uv": [2, 8.5, 1.5, 8], "texture": "#2"},
				"down": {"uv": [8.5, 1.5, 8, 2], "texture": "#2"}
			}
		},
		{
			"from": [3.695, 4.905, 8.42],
			"to": [4.2179, 5.43, 8.945],
			"rotation": {"angle": 0, "axis": "y", "origin": [5.9, 1.65, 9.05]},
			"faces": {
				"north": {"uv": [2, 8, 2.5, 8.5], "texture": "#2"},
				"east": {"uv": [8, 2, 8.5, 2.5], "texture": "#2"},
				"south": {"uv": [2.5, 8, 3, 8.5], "texture": "#2"},
				"west": {"uv": [8, 2.5, 8.5, 3], "texture": "#2"},
				"up": {"uv": [3.5, 8.5, 3, 8], "texture": "#2"},
				"down": {"uv": [8.5, 3, 8, 3.5], "texture": "#2"}
			}
		}
	],
	"display": {
		"thirdperson_righthand": {
			"rotation": [0, 180, 0],
			"translation": [0, 2.75, 2.25],
			"scale": [0.4, 0.4, 0.4]
		},
		"thirdperson_lefthand": {
			"rotation": [0, 180, 0],
			"translation": [0, 2.75, 2.25],
			"scale": [0.4, 0.4, 0.4]
		},
		"firstperson_righthand": {
			"rotation": [0, -180, -8],
			"translation": [2.25, 4.75, 0],
			"scale": [0.8, 0.8, 0.8]
		},
		"firstperson_lefthand": {
			"rotation": [0, -180, -8],
			"translation": [2.25, 4.75, 0],
			"scale": [0.8, 0.8, 0.8]
		},
		"ground": {
			"translation": [0, 3.5, 0]
		},
		"gui": {
			"rotation": [8, -125, 0],
			"translation": [2.25, 8, 5.75],
			"scale": [1.7, 1.7, 1.7]
		},
		"head": {
			"translation": [0, 13.5, -4]
		},
		"fixed": {
			"rotation": [144, 180, -180],
			"translation": [0, 6, -6.25],
			"scale": [1.5, 1.5, 1.5]
		}
	},
	"groups": [
		{
			"name": "cat_ears",
			"origin": [8, 8, 8],
			"color": 0,
			"children": [
				{
					"name": "right",
					"origin": [8, 8, 8],
					"color": 0,
					"children": [
						{
							"name": "ear right",
							"origin": [8, 8, 8],
							"color": 0,
							"children": [0, 1, 2, 3, 4, 5, 6, 7, 8, 9, 10, 11, 12, 13, 14, 15, 16, 17, 18, 19, 20, 21, 22, 23, 24, 25, 26, 27, 28, 29, 30, 31, 32, 33, 34, 35, 36, 37, 38, 39, 40, 41, 42, 43, 44]
						}
					]
				},
				{
					"name": "left",
					"origin": [8, 8, 8],
					"color": 0,
					"children": [
						{
							"name": "ear left",
							"origin": [8, 8, 8],
							"color": 0,
							"children": [45, 46, 47, 48, 49, 50, 51, 52, 53, 54, 55, 56, 57, 58, 59, 60, 61, 62, 63, 64, 65, 66, 67, 68, 69, 70, 71, 72, 73, 74, 75, 76, 77, 78, 79, 80, 81, 82, 83, 84, 85, 86, 87, 88, 89]
						}
					]
				}
			]
		}
	]
}