{
	"credit": "Made with Blockbench",
	"textures": {
		"0": "item/pumpkins/elf_ears/snowElf_right",
		"1": "item/pumpkins/elf_ears/snowElf_left",
		"2": "item/pumpkins/elf_ears/earrings_black",
		"particle": "item/pumpkins/elf_ears/snowElf_right"
	},
	"elements": [
		{
			"from": [10, 6, 9.2],
			"to": [10.5, 7, 10],
			"rotation": {"angle": 22.5, "axis": "y", "origin": [-1, 0, 0]},
			"faces": {
				"north": {"uv": [0, 0, 1, 1], "texture": "#0"},
				"east": {"uv": [0, 1, 1, 2], "texture": "#0"},
				"south": {"uv": [1, 0, 2, 1], "texture": "#0"},
				"west": {"uv": [1, 1, 2, 2], "texture": "#0"},
				"up": {"uv": [1, 3, 0, 2], "texture": "#0"},
				"down": {"uv": [3, 0, 2, 1], "texture": "#0"}
			}
		},
		{
			"from": [10, 5, 9],
			"to": [10.5, 6, 10],
			"rotation": {"angle": 22.5, "axis": "y", "origin": [-1, 0, 0]},
			"faces": {
				"north": {"uv": [1, 2, 2, 3], "texture": "#0"},
				"east": {"uv": [2, 1, 3, 2], "texture": "#0"},
				"south": {"uv": [2, 2, 3, 3], "texture": "#0"},
				"west": {"uv": [0, 3, 1, 4], "texture": "#0"},
				"up": {"uv": [4, 1, 3, 0], "texture": "#0"},
				"down": {"uv": [2, 3, 1, 4], "texture": "#0"}
			}
		},
		{
			"from": [10, 7, 10],
			"to": [10.5, 7.5, 11],
			"rotation": {"angle": 22.5, "axis": "y", "origin": [-1, 0, 0]},
			"faces": {
				"north": {"uv": [3, 1, 4, 2], "texture": "#0"},
				"east": {"uv": [2, 3, 3, 4], "texture": "#0"},
				"south": {"uv": [3, 2, 4, 3], "texture": "#0"},
				"west": {"uv": [3, 3, 4, 4], "texture": "#0"},
				"up": {"uv": [1, 5, 0, 4], "texture": "#0"},
				"down": {"uv": [5, 0, 4, 1], "texture": "#0"}
			}
		},
		{
			"from": [10.1, 4.1, 10],
			"to": [10.6, 5, 11],
			"rotation": {"angle": 22.5, "axis": "y", "origin": [-1, 0, 0]},
			"faces": {
				"north": {"uv": [1, 4, 2, 5], "texture": "#0"},
				"east": {"uv": [4, 1, 5, 2], "texture": "#0"},
				"south": {"uv": [2, 4, 3, 5], "texture": "#0"},
				"west": {"uv": [4, 2, 5, 3], "texture": "#0"},
				"up": {"uv": [4, 5, 3, 4], "texture": "#0"},
				"down": {"uv": [5, 3, 4, 4], "texture": "#0"}
			}
		},
		{
			"from": [10, 4.4, 11],
			"to": [10.5, 5, 12],
			"rotation": {"angle": 22.5, "axis": "y", "origin": [-1, 0, 0]},
			"faces": {
				"north": {"uv": [10, 9, 11, 10], "texture": "#0"},
				"east": {"uv": [6, 10, 7, 11], "texture": "#0"},
				"south": {"uv": [10, 10, 11, 11], "texture": "#0"},
				"west": {"uv": [7, 10, 8, 11], "texture": "#0"},
				"up": {"uv": [10, 11, 9, 10], "texture": "#0"},
				"down": {"uv": [9, 10, 8, 11], "texture": "#0"}
			}
		},
		{
			"from": [10, 5, 12],
			"to": [10.5, 6, 13],
			"rotation": {"angle": 22.5, "axis": "y", "origin": [-1, 0, 0]},
			"faces": {
				"north": {"uv": [5, 2, 6, 3], "texture": "#0"},
				"east": {"uv": [3, 5, 4, 6], "texture": "#0"},
				"south": {"uv": [5, 3, 6, 4], "texture": "#0"},
				"west": {"uv": [4, 5, 5, 6], "texture": "#0"},
				"up": {"uv": [6, 5, 5, 4], "texture": "#0"},
				"down": {"uv": [6, 5, 5, 6], "texture": "#0"}
			}
		},
		{
			"from": [10, 6, 12],
			"to": [10.5, 7, 13],
			"rotation": {"angle": 22.5, "axis": "y", "origin": [-1, 0, 0]},
			"faces": {
				"north": {"uv": [0, 6, 1, 7], "texture": "#0"},
				"east": {"uv": [6, 0, 7, 1], "texture": "#0"},
				"south": {"uv": [1, 6, 2, 7], "texture": "#0"},
				"west": {"uv": [6, 1, 7, 2], "texture": "#0"},
				"up": {"uv": [3, 7, 2, 6], "texture": "#0"},
				"down": {"uv": [7, 2, 6, 3], "texture": "#0"}
			}
		},
		{
			"from": [10, 7, 12],
			"to": [10.5, 7.8, 13],
			"rotation": {"angle": 22.5, "axis": "y", "origin": [-1, 0, 0]},
			"faces": {
				"north": {"uv": [3, 6, 4, 7], "texture": "#0"},
				"east": {"uv": [6, 3, 7, 4], "texture": "#0"},
				"south": {"uv": [4, 6, 5, 7], "texture": "#0"},
				"west": {"uv": [6, 4, 7, 5], "texture": "#0"},
				"up": {"uv": [6, 7, 5, 6], "texture": "#0"},
				"down": {"uv": [7, 5, 6, 6], "texture": "#0"}
			}
		},
		{
			"from": [10, 7, 11],
			"to": [10.5, 7.6, 12],
			"rotation": {"angle": 22.5, "axis": "y", "origin": [-1, 0, 0]},
			"faces": {
				"north": {"uv": [6, 6, 7, 7], "texture": "#0"},
				"east": {"uv": [0, 7, 1, 8], "texture": "#0"},
				"south": {"uv": [7, 0, 8, 1], "texture": "#0"},
				"west": {"uv": [1, 7, 2, 8], "texture": "#0"},
				"up": {"uv": [8, 2, 7, 1], "texture": "#0"},
				"down": {"uv": [3, 7, 2, 8], "texture": "#0"}
			}
		},
		{
			"from": [10, 6, 11],
			"to": [10.4, 7, 12],
			"rotation": {"angle": 22.5, "axis": "y", "origin": [-1, 0, 0]},
			"faces": {
				"north": {"uv": [7, 2, 8, 3], "texture": "#0"},
				"east": {"uv": [3, 7, 4, 8], "texture": "#0"},
				"south": {"uv": [7, 3, 8, 4], "texture": "#0"},
				"west": {"uv": [4, 7, 5, 8], "texture": "#0"},
				"up": {"uv": [8, 5, 7, 4], "texture": "#0"},
				"down": {"uv": [6, 7, 5, 8], "texture": "#0"}
			}
		},
		{
			"from": [10, 5, 11],
			"to": [10.4, 6, 12],
			"rotation": {"angle": 22.5, "axis": "y", "origin": [-1, 0, 0]},
			"faces": {
				"north": {"uv": [7, 5, 8, 6], "texture": "#0"},
				"east": {"uv": [6, 7, 7, 8], "texture": "#0"},
				"south": {"uv": [7, 6, 8, 7], "texture": "#0"},
				"west": {"uv": [7, 7, 8, 8], "texture": "#0"},
				"up": {"uv": [1, 9, 0, 8], "texture": "#0"},
				"down": {"uv": [9, 0, 8, 1], "texture": "#0"}
			}
		},
		{
			"from": [10, 5, 10],
			"to": [10.3, 6, 11],
			"rotation": {"angle": 22.5, "axis": "y", "origin": [-1, 0, 0]},
			"faces": {
				"north": {"uv": [1, 8, 2, 9], "texture": "#0"},
				"east": {"uv": [8, 1, 9, 2], "texture": "#0"},
				"south": {"uv": [2, 8, 3, 9], "texture": "#0"},
				"west": {"uv": [8, 2, 9, 3], "texture": "#0"},
				"up": {"uv": [4, 9, 3, 8], "texture": "#0"},
				"down": {"uv": [9, 3, 8, 4], "texture": "#0"}
			}
		},
		{
			"from": [10, 6, 10],
			"to": [10.6, 7, 11],
			"rotation": {"angle": 22.5, "axis": "y", "origin": [-1, 0, 0]},
			"faces": {
				"north": {"uv": [4, 8, 5, 9], "texture": "#0"},
				"east": {"uv": [8, 4, 9, 5], "texture": "#0"},
				"south": {"uv": [5, 8, 6, 9], "texture": "#0"},
				"west": {"uv": [8, 5, 9, 6], "texture": "#0"},
				"up": {"uv": [7, 9, 6, 8], "texture": "#0"},
				"down": {"uv": [9, 6, 8, 7], "texture": "#0"}
			}
		},
		{
			"from": [10.2, 7, 13],
			"to": [10.7, 8, 14],
			"rotation": {"angle": 22.5, "axis": "y", "origin": [-1, 0, 0]},
			"faces": {
				"north": {"uv": [7, 8, 8, 9], "texture": "#0"},
				"east": {"uv": [8, 7, 9, 8], "texture": "#0"},
				"south": {"uv": [8, 8, 9, 9], "texture": "#0"},
				"west": {"uv": [0, 9, 1, 10], "texture": "#0"},
				"up": {"uv": [10, 1, 9, 0], "texture": "#0"},
				"down": {"uv": [2, 9, 1, 10], "texture": "#0"}
			}
		},
		{
			"from": [10.2, 6, 13],
			"to": [10.6, 7, 14],
			"rotation": {"angle": 22.5, "axis": "y", "origin": [-1, 0, 0]},
			"faces": {
				"north": {"uv": [9, 1, 10, 2], "texture": "#0"},
				"east": {"uv": [2, 9, 3, 10], "texture": "#0"},
				"south": {"uv": [9, 2, 10, 3], "texture": "#0"},
				"west": {"uv": [3, 9, 4, 10], "texture": "#0"},
				"up": {"uv": [10, 4, 9, 3], "texture": "#0"},
				"down": {"uv": [5, 9, 4, 10], "texture": "#0"}
			}
		},
		{
			"from": [10.4, 7, 14],
			"to": [10.9, 8, 15],
			"rotation": {"angle": 22.5, "axis": "y", "origin": [-1, 0, 0]},
			"faces": {
				"north": {"uv": [9, 4, 10, 5], "texture": "#0"},
				"east": {"uv": [5, 9, 6, 10], "texture": "#0"},
				"south": {"uv": [9, 5, 10, 6], "texture": "#0"},
				"west": {"uv": [6, 9, 7, 10], "texture": "#0"},
				"up": {"uv": [10, 7, 9, 6], "texture": "#0"},
				"down": {"uv": [8, 9, 7, 10], "texture": "#0"}
			}
		},
		{
			"from": [10.4, 7.5, 15],
			"to": [10.9, 8.1, 16],
			"rotation": {"angle": 22.5, "axis": "y", "origin": [-1, 0, 0]},
			"faces": {
				"north": {"uv": [9, 7, 10, 8], "texture": "#0"},
				"east": {"uv": [8, 9, 9, 10], "texture": "#0"},
				"south": {"uv": [9, 8, 10, 9], "texture": "#0"},
				"west": {"uv": [9, 9, 10, 10], "texture": "#0"},
				"up": {"uv": [1, 11, 0, 10], "texture": "#0"},
				"down": {"uv": [11, 0, 10, 1], "texture": "#0"}
			}
		},
		{
			"from": [4, 6, 2.2],
			"to": [4.5, 7, 3],
			"rotation": {"angle": -22.5, "axis": "y", "origin": [-1, 0, 0]},
			"faces": {
				"north": {"uv": [0, 0, 1, 1], "texture": "#1"},
				"east": {"uv": [0, 1, 1, 2], "texture": "#1"},
				"south": {"uv": [1, 0, 2, 1], "texture": "#1"},
				"west": {"uv": [1, 1, 2, 2], "texture": "#1"},
				"up": {"uv": [1, 3, 0, 2], "texture": "#1"},
				"down": {"uv": [3, 0, 2, 1], "texture": "#1"}
			}
		},
		{
			"from": [4, 5, 2],
			"to": [4.5, 6, 3],
			"rotation": {"angle": -22.5, "axis": "y", "origin": [-1, 0, 0]},
			"faces": {
				"north": {"uv": [1, 2, 2, 3], "texture": "#1"},
				"east": {"uv": [2, 1, 3, 2], "texture": "#1"},
				"south": {"uv": [2, 2, 3, 3], "texture": "#1"},
				"west": {"uv": [0, 3, 1, 4], "texture": "#1"},
				"up": {"uv": [4, 1, 3, 0], "texture": "#1"},
				"down": {"uv": [2, 3, 1, 4], "texture": "#1"}
			}
		},
		{
			"from": [3.9, 6, 3],
			"to": [4.5, 7, 4],
			"rotation": {"angle": -22.5, "axis": "y", "origin": [-1, 0, 0]},
			"faces": {
				"north": {"uv": [3, 1, 4, 2], "texture": "#1"},
				"east": {"uv": [2, 3, 3, 4], "texture": "#1"},
				"south": {"uv": [3, 2, 4, 3], "texture": "#1"},
				"west": {"uv": [3, 3, 4, 4], "texture": "#1"},
				"up": {"uv": [1, 5, 0, 4], "texture": "#1"},
				"down": {"uv": [5, 0, 4, 1], "texture": "#1"}
			}
		},
		{
			"from": [4, 7, 3],
			"to": [4.5, 7.5, 4],
			"rotation": {"angle": -22.5, "axis": "y", "origin": [-1, 0, 0]},
			"faces": {
				"north": {"uv": [1, 4, 2, 5], "texture": "#1"},
				"east": {"uv": [4, 1, 5, 2], "texture": "#1"},
				"south": {"uv": [2, 4, 3, 5], "texture": "#1"},
				"west": {"uv": [4, 2, 5, 3], "texture": "#1"},
				"up": {"uv": [4, 5, 3, 4], "texture": "#1"},
				"down": {"uv": [5, 3, 4, 4], "texture": "#1"}
			}
		},
		{
			"from": [4, 7, 4],
			"to": [4.5, 7.6, 5],
			"rotation": {"angle": -22.5, "axis": "y", "origin": [-1, 0, 0]},
			"faces": {
				"north": {"uv": [4, 4, 5, 5], "texture": "#1"},
				"east": {"uv": [0, 5, 1, 6], "texture": "#1"},
				"south": {"uv": [5, 0, 6, 1], "texture": "#1"},
				"west": {"uv": [1, 5, 2, 6], "texture": "#1"},
				"up": {"uv": [6, 2, 5, 1], "texture": "#1"},
				"down": {"uv": [3, 5, 2, 6], "texture": "#1"}
			}
		},
		{
			"from": [4, 7, 5],
			"to": [4.5, 7.8, 6],
			"rotation": {"angle": -22.5, "axis": "y", "origin": [-1, 0, 0]},
			"faces": {
				"north": {"uv": [5, 2, 6, 3], "texture": "#1"},
				"east": {"uv": [3, 5, 4, 6], "texture": "#1"},
				"south": {"uv": [5, 3, 6, 4], "texture": "#1"},
				"west": {"uv": [4, 5, 5, 6], "texture": "#1"},
				"up": {"uv": [6, 5, 5, 4], "texture": "#1"},
				"down": {"uv": [6, 5, 5, 6], "texture": "#1"}
			}
		},
		{
			"from": [3.8, 7, 6],
			"to": [4.3, 8, 7],
			"rotation": {"angle": -22.5, "axis": "y", "origin": [-1, 0, 0]},
			"faces": {
				"north": {"uv": [0, 6, 1, 7], "texture": "#1"},
				"east": {"uv": [6, 0, 7, 1], "texture": "#1"},
				"south": {"uv": [1, 6, 2, 7], "texture": "#1"},
				"west": {"uv": [6, 1, 7, 2], "texture": "#1"},
				"up": {"uv": [3, 7, 2, 6], "texture": "#1"},
				"down": {"uv": [7, 2, 6, 3], "texture": "#1"}
			}
		},
		{
			"from": [3.9, 6, 6],
			"to": [4.3, 7, 7],
			"rotation": {"angle": -22.5, "axis": "y", "origin": [-1, 0, 0]},
			"faces": {
				"north": {"uv": [3, 6, 4, 7], "texture": "#1"},
				"east": {"uv": [6, 3, 7, 4], "texture": "#1"},
				"south": {"uv": [4, 6, 5, 7], "texture": "#1"},
				"west": {"uv": [6, 4, 7, 5], "texture": "#1"},
				"up": {"uv": [6, 7, 5, 6], "texture": "#1"},
				"down": {"uv": [7, 5, 6, 6], "texture": "#1"}
			}
		},
		{
			"from": [3.6, 7, 7],
			"to": [4.1, 8, 8],
			"rotation": {"angle": -22.5, "axis": "y", "origin": [-1, 0, 0]},
			"faces": {
				"north": {"uv": [6, 6, 7, 7], "texture": "#1"},
				"east": {"uv": [0, 7, 1, 8], "texture": "#1"},
				"south": {"uv": [7, 0, 8, 1], "texture": "#1"},
				"west": {"uv": [1, 7, 2, 8], "texture": "#1"},
				"up": {"uv": [8, 2, 7, 1], "texture": "#1"},
				"down": {"uv": [3, 7, 2, 8], "texture": "#1"}
			}
		},
		{
			"from": [3.55, 7.5, 8],
			"to": [4.05, 8.1, 9],
			"rotation": {"angle": -22.5, "axis": "y", "origin": [-1, 0, 0]},
			"faces": {
				"north": {"uv": [7, 2, 8, 3], "texture": "#1"},
				"east": {"uv": [3, 7, 4, 8], "texture": "#1"},
				"south": {"uv": [7, 3, 8, 4], "texture": "#1"},
				"west": {"uv": [4, 7, 5, 8], "texture": "#1"},
				"up": {"uv": [8, 5, 7, 4], "texture": "#1"},
				"down": {"uv": [6, 7, 5, 8], "texture": "#1"}
			}
		},
		{
			"from": [4, 6, 5],
			"to": [4.5, 7, 6],
			"rotation": {"angle": -22.5, "axis": "y", "origin": [-1, 0, 0]},
			"faces": {
				"north": {"uv": [7, 5, 8, 6], "texture": "#1"},
				"east": {"uv": [6, 7, 7, 8], "texture": "#1"},
				"south": {"uv": [7, 6, 8, 7], "texture": "#1"},
				"west": {"uv": [7, 7, 8, 8], "texture": "#1"},
				"up": {"uv": [1, 9, 0, 8], "texture": "#1"},
				"down": {"uv": [9, 0, 8, 1], "texture": "#1"}
			}
		},
		{
			"from": [4, 5, 5],
			"to": [4.5, 6, 6],
			"rotation": {"angle": -22.5, "axis": "y", "origin": [-1, 0, 0]},
			"faces": {
				"north": {"uv": [1, 8, 2, 9], "texture": "#1"},
				"east": {"uv": [8, 1, 9, 2], "texture": "#1"},
				"south": {"uv": [2, 8, 3, 9], "texture": "#1"},
				"west": {"uv": [8, 2, 9, 3], "texture": "#1"},
				"up": {"uv": [4, 9, 3, 8], "texture": "#1"},
				"down": {"uv": [9, 3, 8, 4], "texture": "#1"}
			}
		},
		{
			"from": [4.1, 5, 4],
			"to": [4.5, 6, 5],
			"rotation": {"angle": -22.5, "axis": "y", "origin": [-1, 0, 0]},
			"faces": {
				"north": {"uv": [4, 8, 5, 9], "texture": "#1"},
				"east": {"uv": [8, 4, 9, 5], "texture": "#1"},
				"south": {"uv": [5, 8, 6, 9], "texture": "#1"},
				"west": {"uv": [8, 5, 9, 6], "texture": "#1"},
				"up": {"uv": [7, 9, 6, 8], "texture": "#1"},
				"down": {"uv": [9, 6, 8, 7], "texture": "#1"}
			}
		},
		{
			"from": [4.1, 6, 4],
			"to": [4.5, 7, 5],
			"rotation": {"angle": -22.5, "axis": "y", "origin": [-1, 0, 0]},
			"faces": {
				"north": {"uv": [7, 8, 8, 9], "texture": "#1"},
				"east": {"uv": [8, 7, 9, 8], "texture": "#1"},
				"south": {"uv": [8, 8, 9, 9], "texture": "#1"},
				"west": {"uv": [0, 9, 1, 10], "texture": "#1"},
				"up": {"uv": [10, 1, 9, 0], "texture": "#1"},
				"down": {"uv": [2, 9, 1, 10], "texture": "#1"}
			}
		},
		{
			"from": [4.2, 5, 3],
			"to": [4.5, 6, 4],
			"rotation": {"angle": -22.5, "axis": "y", "origin": [-1, 0, 0]},
			"faces": {
				"north": {"uv": [9, 1, 10, 2], "texture": "#1"},
				"east": {"uv": [2, 9, 3, 10], "texture": "#1"},
				"south": {"uv": [9, 2, 10, 3], "texture": "#1"},
				"west": {"uv": [3, 9, 4, 10], "texture": "#1"},
				"up": {"uv": [10, 4, 9, 3], "texture": "#1"},
				"down": {"uv": [5, 9, 4, 10], "texture": "#1"}
			}
		},
		{
			"from": [3.9, 4.1, 3],
			"to": [4.4, 5, 4],
			"rotation": {"angle": -22.5, "axis": "y", "origin": [-1, 0, 0]},
			"faces": {
				"north": {"uv": [9, 4, 10, 5], "texture": "#1"},
				"east": {"uv": [5, 9, 6, 10], "texture": "#1"},
				"south": {"uv": [9, 5, 10, 6], "texture": "#1"},
				"west": {"uv": [6, 9, 7, 10], "texture": "#1"},
				"up": {"uv": [10, 7, 9, 6], "texture": "#1"},
				"down": {"uv": [8, 9, 7, 10], "texture": "#1"}
			}
		},
		{
			"from": [4, 4.4, 4],
			"to": [4.5, 5, 5],
			"rotation": {"angle": -22.5, "axis": "y", "origin": [-1, 0, 0]},
			"faces": {
				"north": {"uv": [10, 10, 11, 11], "texture": "#1"},
				"east": {"uv": [7, 10, 8, 11], "texture": "#1"},
				"south": {"uv": [9, 10, 10, 11], "texture": "#1"},
				"west": {"uv": [8, 10, 9, 11], "texture": "#1"},
				"up": {"uv": [11, 10, 10, 9], "texture": "#1"},
				"down": {"uv": [11, 8, 10, 9], "texture": "#1"}
			}
		},
		{
			"name": "top",
			"from": [15.25, 11.9, 9],
			"to": [16.05, 12.1, 9.2],
			"rotation": {"angle": 22.5, "axis": "x", "origin": [4, 8, -1]},
			"faces": {
				"north": {"uv": [0, 0, 1, 1], "texture": "#2"},
				"east": {"uv": [0, 1, 1, 2], "texture": "#2"},
				"south": {"uv": [1, 0, 2, 1], "texture": "#2"},
				"west": {"uv": [1, 1, 2, 2], "texture": "#2"},
				"up": {"uv": [1, 3, 0, 2], "texture": "#2"},
				"down": {"uv": [3, 0, 2, 1], "texture": "#2"}
			}
		},
		{
			"name": "bottom",
			"from": [15.25, 11.2, 9],
			"to": [16.05, 11.4, 9.2],
			"rotation": {"angle": 22.5, "axis": "x", "origin": [4, 8, -1]},
			"faces": {
				"north": {"uv": [0, 0, 1, 1], "texture": "#2"},
				"east": {"uv": [0, 1, 1, 2], "texture": "#2"},
				"south": {"uv": [1, 0, 2, 1], "texture": "#2"},
				"west": {"uv": [1, 1, 2, 2], "texture": "#2"},
				"up": {"uv": [1, 3, 0, 2], "texture": "#2"},
				"down": {"uv": [3, 0, 2, 1], "texture": "#2"}
			}
		},
		{
			"name": "side",
			"from": [15.95, 11.3, 9],
			"to": [16.15, 12, 9.2],
			"rotation": {"angle": 22.5, "axis": "x", "origin": [4, 8, -1]},
			"faces": {
				"north": {"uv": [3, 1, 4, 2], "texture": "#2"},
				"east": {"uv": [2, 3, 3, 4], "texture": "#2"},
				"south": {"uv": [3, 2, 4, 3], "texture": "#2"},
				"west": {"uv": [3, 3, 4, 4], "texture": "#2"},
				"up": {"uv": [1, 5, 0, 4], "texture": "#2"},
				"down": {"uv": [5, 0, 4, 1], "texture": "#2"}
			}
		},
		{
			"name": "side",
			"from": [15.15, 11.3, 9],
			"to": [15.35, 12, 9.2],
			"rotation": {"angle": 22.5, "axis": "x", "origin": [3, 8, -1]},
			"faces": {
				"north": {"uv": [3, 1, 4, 2], "texture": "#2"},
				"east": {"uv": [2, 3, 3, 4], "texture": "#2"},
				"south": {"uv": [3, 2, 4, 3], "texture": "#2"},
				"west": {"uv": [3, 3, 4, 4], "texture": "#2"},
				"up": {"uv": [1, 5, 0, 4], "texture": "#2"},
				"down": {"uv": [5, 0, 4, 1], "texture": "#2"}
			}
		},
		{
			"name": "top",
			"from": [14.85, 11.6, 7.8],
			"to": [15.75, 11.8, 8],
			"rotation": {"angle": 22.5, "axis": "x", "origin": [4, 7, -2]},
			"faces": {
				"north": {"uv": [0, 0, 1, 1], "texture": "#2"},
				"east": {"uv": [0, 1, 1, 2], "texture": "#2"},
				"south": {"uv": [1, 0, 2, 1], "texture": "#2"},
				"west": {"uv": [1, 1, 2, 2], "texture": "#2"},
				"up": {"uv": [1, 3, 0, 2], "texture": "#2"},
				"down": {"uv": [3, 0, 2, 1], "texture": "#2"}
			}
		},
		{
			"name": "bottom",
			"from": [14.85, 10.7, 7.4],
			"to": [15.75, 10.9, 7.6],
			"rotation": {"angle": 22.5, "axis": "x", "origin": [4, 6, -2]},
			"faces": {
				"north": {"uv": [0, 0, 1, 1], "texture": "#2"},
				"east": {"uv": [0, 1, 1, 2], "texture": "#2"},
				"south": {"uv": [1, 0, 2, 1], "texture": "#2"},
				"west": {"uv": [1, 1, 2, 2], "texture": "#2"},
				"up": {"uv": [1, 3, 0, 2], "texture": "#2"},
				"down": {"uv": [3, 0, 2, 1], "texture": "#2"}
			}
		},
		{
			"name": "side",
			"from": [15.65, 10.9, 7.8],
			"to": [15.85, 11.7, 8],
			"rotation": {"angle": 22.5, "axis": "x", "origin": [4, 7, -2]},
			"faces": {
				"north": {"uv": [3, 1, 4, 2], "texture": "#2"},
				"east": {"uv": [2, 3, 3, 4], "texture": "#2"},
				"south": {"uv": [3, 2, 4, 3], "texture": "#2"},
				"west": {"uv": [3, 3, 4, 4], "texture": "#2"},
				"up": {"uv": [1, 5, 0, 4], "texture": "#2"},
				"down": {"uv": [5, 0, 4, 1], "texture": "#2"}
			}
		},
		{
			"name": "side",
			"from": [14.75, 10.9, 7.8],
			"to": [14.95, 11.7, 8],
			"rotation": {"angle": 22.5, "axis": "x", "origin": [4, 7, -2]},
			"faces": {
				"north": {"uv": [1, 4, 2, 5], "texture": "#2"},
				"east": {"uv": [4, 1, 5, 2], "texture": "#2"},
				"south": {"uv": [2, 4, 3, 5], "texture": "#2"},
				"west": {"uv": [4, 2, 5, 3], "texture": "#2"},
				"up": {"uv": [4, 5, 3, 4], "texture": "#2"},
				"down": {"uv": [5, 3, 4, 4], "texture": "#2"}
			}
		},
		{
			"name": "top",
			"from": [0.8, 10.6, 6.9],
			"to": [1.7, 10.8, 7.1],
			"rotation": {"angle": 22.5, "axis": "x", "origin": [-10, 6, -3]},
			"faces": {
				"north": {"uv": [0, 0, 1, 1], "texture": "#2"},
				"east": {"uv": [0, 1, 1, 2], "texture": "#2"},
				"south": {"uv": [1, 0, 2, 1], "texture": "#2"},
				"west": {"uv": [1, 1, 2, 2], "texture": "#2"},
				"up": {"uv": [1, 3, 0, 2], "texture": "#2"},
				"down": {"uv": [3, 0, 2, 1], "texture": "#2"}
			}
		},
		{
			"name": "bottom",
			"from": [0.8, 9.8, 6.9],
			"to": [1.7, 10, 7.1],
			"rotation": {"angle": 22.5, "axis": "x", "origin": [-10, 6, -3]},
			"faces": {
				"north": {"uv": [0, 0, 1, 1], "texture": "#2"},
				"east": {"uv": [0, 1, 1, 2], "texture": "#2"},
				"south": {"uv": [1, 0, 2, 1], "texture": "#2"},
				"west": {"uv": [1, 1, 2, 2], "texture": "#2"},
				"up": {"uv": [1, 3, 0, 2], "texture": "#2"},
				"down": {"uv": [3, 0, 2, 1], "texture": "#2"}
			}
		},
		{
			"name": "side",
			"from": [1.6, 9.9, 6.9],
			"to": [1.8, 10.7, 7.1],
			"rotation": {"angle": 22.5, "axis": "x", "origin": [-10, 6, -3]},
			"faces": {
				"north": {"uv": [3, 1, 4, 2], "texture": "#2"},
				"east": {"uv": [2, 3, 3, 4], "texture": "#2"},
				"south": {"uv": [3, 2, 4, 3], "texture": "#2"},
				"west": {"uv": [3, 3, 4, 4], "texture": "#2"},
				"up": {"uv": [1, 5, 0, 4], "texture": "#2"},
				"down": {"uv": [5, 0, 4, 1], "texture": "#2"}
			}
		},
		{
			"name": "side",
			"from": [0.7, 9.9, 6.9],
			"to": [0.9, 10.7, 7.1],
			"rotation": {"angle": 22.5, "axis": "x", "origin": [-10, 6, -3]},
			"faces": {
				"north": {"uv": [1, 4, 2, 5], "texture": "#2"},
				"east": {"uv": [4, 1, 5, 2], "texture": "#2"},
				"south": {"uv": [2, 4, 3, 5], "texture": "#2"},
				"west": {"uv": [4, 2, 5, 3], "texture": "#2"},
				"up": {"uv": [4, 5, 3, 4], "texture": "#2"},
				"down": {"uv": [5, 3, 4, 4], "texture": "#2"}
			}
		}
	],
	"display": {
		"thirdperson_righthand": {
			"translation": [0, 0, 2.25],
			"scale": [0.4, 0.4, 0.4]
		},
		"thirdperson_lefthand": {
			"translation": [0, 0, 2.25],
			"scale": [0.4, 0.4, 0.4]
		},
		"firstperson_righthand": {
			"translation": [5.5, 1.5, 0]
		},
		"firstperson_lefthand": {
			"translation": [3.75, 0.75, 0]
		},
		"gui": {
			"rotation": [7, -90, 0],
			"translation": [-1.5, 3.5, 0],
			"scale": [2, 2, 2]
		},
		"head": {
			"rotation": [-27, 0, 0],
			"translation": [0, 1, -0.25],
			"scale": [1.2, 1.2, 1.2]
		},
		"fixed": {
			"rotation": [0, -68, 0],
			"translation": [2, 3, 13],
			"scale": [2, 2, 2]
		}
	},
	"groups": [
		{
			"name": "group",
			"origin": [8, 8, 8],
			"color": 0,
			"nbt": "{}",
			"children": [
				{
					"name": "right ear",
					"origin": [8, 8, 8],
					"color": 0,
					"nbt": "{}",
					"children": [0, 1, 2, 3, 4, 5, 6, 7, 8, 9, 10, 11, 12, 13, 14, 15, 16]
				},
				{
					"name": "left ear",
					"origin": [8, 8, 8],
					"color": 0,
					"nbt": "{}",
					"children": [17, 18, 19, 20, 21, 22, 23, 24, 25, 26, 27, 28, 29, 30, 31, 32, 33]
				}
			]
		},
		{
			"name": "piercing right higher",
			"origin": [0, 0, 0],
			"color": 0,
			"nbt": "{}",
			"children": [
				34,
				35,
				36,
				37,
				{
					"name": "piercing right lower",
					"origin": [0, 0, 0],
					"color": 0,
					"nbt": "{}",
					"children": [38, 39, 40, 41]
				}
			]
		},
		{
			"name": "piercing left",
			"origin": [0, 0, 0],
			"color": 0,
			"nbt": "{}",
			"children": [42, 43, 44, 45]
		}
	]
}