{
	"credit": "Made with Blockbench",
	"textures": {
		"0": "item/round_bell",
		"1": "item/bell_ball",
		"particle": "item/round_bell"
	},
	"elements": [
		{
			"from": [9.5, 11, 5.5],
			"to": [10.5, 11.75, 6.5],
			"rotation": {"angle": 0, "axis": "y", "origin": [12, 11, 5]},
			"faces": {
				"north": {"uv": [8, 0, 8.5, 0.5], "texture": "#0"},
				"east": {"uv": [2, 8, 2.5, 8.5], "texture": "#0"},
				"south": {"uv": [8, 2, 8.5, 2.5], "texture": "#0"},
				"west": {"uv": [2.5, 8, 3, 8.5], "texture": "#0"},
				"up": {"uv": [8.5, 3.5, 8, 3], "texture": "#0"},
				"down": {"uv": [4, 8, 3.5, 8.5], "texture": "#0"}
			}
		},
		{
			"from": [10, 10, 8.5],
			"to": [11, 11, 9.5],
			"rotation": {"angle": 0, "axis": "y", "origin": [11, 10, 11]},
			"faces": {
				"north": {"uv": [8, 3.5, 8.5, 4], "texture": "#0"},
				"east": {"uv": [4, 8, 4.5, 8.5], "texture": "#0"},
				"south": {"uv": [8, 4, 8.5, 4.5], "texture": "#0"},
				"west": {"uv": [4.5, 8, 5, 8.5], "texture": "#0"},
				"up": {"uv": [8.5, 5, 8, 4.5], "texture": "#0"},
				"down": {"uv": [5.5, 8, 5, 8.5], "texture": "#0"}
			}
		},
		{
			"from": [10, 10, 9.5],
			"to": [10.5, 11, 10],
			"rotation": {"angle": 0, "axis": "y", "origin": [11, 10, 11]},
			"faces": {
				"north": {"uv": [8, 5, 8.5, 5.5], "texture": "#0"},
				"east": {"uv": [6, 8, 6.5, 8.5], "texture": "#0"},
				"south": {"uv": [6.5, 8, 7, 8.5], "texture": "#0"},
				"west": {"uv": [8, 6.5, 8.5, 7], "texture": "#0"},
				"up": {"uv": [8.5, 7.5, 8, 7], "texture": "#0"},
				"down": {"uv": [8.5, 7.5, 8, 8], "texture": "#0"}
			}
		},
		{
			"from": [9.5, 11, 8.5],
			"to": [10.5, 11.75, 9.5],
			"rotation": {"angle": 0, "axis": "y", "origin": [11, 11, 11]},
			"faces": {
				"north": {"uv": [8, 8, 8.5, 8.5], "texture": "#0"},
				"east": {"uv": [0, 8.5, 0.5, 9], "texture": "#0"},
				"south": {"uv": [8.5, 0, 9, 0.5], "texture": "#0"},
				"west": {"uv": [0.5, 8.5, 1, 9], "texture": "#0"},
				"up": {"uv": [9, 1, 8.5, 0.5], "texture": "#0"},
				"down": {"uv": [9, 1, 8.5, 1.5], "texture": "#0"}
			}
		},
		{
			"from": [9.5, 10, 5],
			"to": [10.5, 11, 6],
			"rotation": {"angle": 0, "axis": "y", "origin": [12, 10, 5]},
			"faces": {
				"north": {"uv": [8.5, 1.5, 9, 2], "texture": "#0"},
				"east": {"uv": [2, 8.5, 2.5, 9], "texture": "#0"},
				"south": {"uv": [8.5, 2, 9, 2.5], "texture": "#0"},
				"west": {"uv": [2.5, 8.5, 3, 9], "texture": "#0"},
				"up": {"uv": [9, 3, 8.5, 2.5], "texture": "#0"},
				"down": {"uv": [3.5, 8.5, 3, 9], "texture": "#0"}
			}
		},
		{
			"from": [10.5, 10, 5.5],
			"to": [11, 11, 6],
			"rotation": {"angle": 0, "axis": "y", "origin": [12, 10, 5]},
			"faces": {
				"north": {"uv": [8.5, 3, 9, 3.5], "texture": "#0"},
				"east": {"uv": [3.5, 8.5, 4, 9], "texture": "#0"},
				"south": {"uv": [8.5, 3.5, 9, 4], "texture": "#0"},
				"west": {"uv": [4, 8.5, 4.5, 9], "texture": "#0"},
				"up": {"uv": [9, 4.5, 8.5, 4], "texture": "#0"},
				"down": {"uv": [5, 8.5, 4.5, 9], "texture": "#0"}
			}
		},
		{
			"from": [7, 10, 4.5],
			"to": [10, 11, 5.5],
			"rotation": {"angle": 0, "axis": "y", "origin": [7, 8, 5]},
			"faces": {
				"north": {"uv": [1, 0, 2.5, 0.5], "texture": "#0"},
				"east": {"uv": [8.5, 4.5, 9, 5], "texture": "#0"},
				"south": {"uv": [1, 0.5, 2.5, 1], "texture": "#0"},
				"west": {"uv": [5, 8.5, 5.5, 9], "texture": "#0"},
				"up": {"uv": [2.5, 1.5, 1, 1], "texture": "#0"},
				"down": {"uv": [2.5, 1.5, 1, 2], "texture": "#0"}
			}
		},
		{
			"from": [7, 11, 5],
			"to": [10, 11.75, 6],
			"rotation": {"angle": 0, "axis": "y", "origin": [9, 8, 5]},
			"faces": {
				"north": {"uv": [0, 2, 1.5, 2.5], "texture": "#0"},
				"east": {"uv": [8.5, 5, 9, 5.5], "texture": "#0"},
				"south": {"uv": [1.5, 2, 3, 2.5], "texture": "#0"},
				"west": {"uv": [5.5, 8.5, 6, 9], "texture": "#0"},
				"up": {"uv": [1.5, 3, 0, 2.5], "texture": "#0"},
				"down": {"uv": [4, 0, 2.5, 0.5], "texture": "#0"}
			}
		},
		{
			"from": [7, 11.75, 5.5],
			"to": [10, 12.25, 6.5],
			"rotation": {"angle": 0, "axis": "y", "origin": [9, 9, 5]},
			"faces": {
				"north": {"uv": [2.5, 0.5, 4, 1], "texture": "#0"},
				"east": {"uv": [8.5, 5.5, 9, 6], "texture": "#0"},
				"south": {"uv": [2.5, 1, 4, 1.5], "texture": "#0"},
				"west": {"uv": [6, 8.5, 6.5, 9], "texture": "#0"},
				"up": {"uv": [3, 3, 1.5, 2.5], "texture": "#0"},
				"down": {"uv": [4, 1.5, 2.5, 2], "texture": "#0"}
			}
		},
		{
			"from": [10.5, 10, 6],
			"to": [11.5, 11, 9],
			"rotation": {"angle": 0, "axis": "y", "origin": [12, 10, 5]},
			"faces": {
				"north": {"uv": [8.5, 6, 9, 6.5], "texture": "#0"},
				"east": {"uv": [0, 3, 1.5, 3.5], "texture": "#0"},
				"south": {"uv": [6.5, 8.5, 7, 9], "texture": "#0"},
				"west": {"uv": [1.5, 3, 3, 3.5], "texture": "#0"},
				"up": {"uv": [3.5, 3.5, 3, 2], "texture": "#0"},
				"down": {"uv": [0.5, 3.5, 0, 5], "texture": "#0"}
			}
		},
		{
			"from": [10, 11, 6],
			"to": [11, 11.75, 9],
			"rotation": {"angle": 0, "axis": "y", "origin": [12, 11, 5]},
			"faces": {
				"north": {"uv": [8.5, 6.5, 9, 7], "texture": "#0"},
				"east": {"uv": [0.5, 3.5, 2, 4], "texture": "#0"},
				"south": {"uv": [7, 8.5, 7.5, 9], "texture": "#0"},
				"west": {"uv": [2, 3.5, 3.5, 4], "texture": "#0"},
				"up": {"uv": [4, 3.5, 3.5, 2], "texture": "#0"},
				"down": {"uv": [4, 3.5, 3.5, 5], "texture": "#0"}
			}
		},
		{
			"from": [9.5, 11.75, 6],
			"to": [10.5, 12.25, 9],
			"rotation": {"angle": 0, "axis": "y", "origin": [12, 12, 5]},
			"faces": {
				"north": {"uv": [8.5, 7, 9, 7.5], "texture": "#0"},
				"east": {"uv": [4, 0, 5.5, 0.5], "texture": "#0"},
				"south": {"uv": [7.5, 8.5, 8, 9], "texture": "#0"},
				"west": {"uv": [0.5, 4, 2, 4.5], "texture": "#0"},
				"up": {"uv": [4.5, 2, 4, 0.5], "texture": "#0"},
				"down": {"uv": [2.5, 4, 2, 5.5], "texture": "#0"}
			}
		},
		{
			"from": [9, 12.25, 6.5],
			"to": [10, 12.75, 8.5],
			"rotation": {"angle": 0, "axis": "y", "origin": [12, 13, 5]},
			"faces": {
				"north": {"uv": [8.5, 7.5, 9, 8], "texture": "#0"},
				"east": {"uv": [2.5, 4, 3.5, 4.5], "texture": "#0"},
				"south": {"uv": [8, 8.5, 8.5, 9], "texture": "#0"},
				"west": {"uv": [2.5, 4.5, 3.5, 5], "texture": "#0"},
				"up": {"uv": [1.5, 7.5, 1, 6.5], "texture": "#0"},
				"down": {"uv": [2, 6.5, 1.5, 7.5], "texture": "#0"}
			}
		},
		{
			"from": [7, 12.25, 6.5],
			"to": [8, 12.75, 8.5],
			"rotation": {"angle": 0, "axis": "y", "origin": [10, 13, 5]},
			"faces": {
				"north": {"uv": [8.5, 8, 9, 8.5], "texture": "#0"},
				"east": {"uv": [6.5, 2.5, 7.5, 3], "texture": "#0"},
				"south": {"uv": [8.5, 8.5, 9, 9], "texture": "#0"},
				"west": {"uv": [6.5, 3, 7.5, 3.5], "texture": "#0"},
				"up": {"uv": [6.5, 7.5, 6, 6.5], "texture": "#0"},
				"down": {"uv": [7, 6.5, 6.5, 7.5], "texture": "#0"}
			}
		},
		{
			"from": [6.5, 11, 8.5],
			"to": [7.5, 11.75, 9.5],
			"rotation": {"angle": 0, "axis": "y", "origin": [5, 11, 10]},
			"faces": {
				"north": {"uv": [0, 9, 0.5, 9.5], "texture": "#0"},
				"east": {"uv": [9, 0, 9.5, 0.5], "texture": "#0"},
				"south": {"uv": [0.5, 9, 1, 9.5], "texture": "#0"},
				"west": {"uv": [9, 0.5, 9.5, 1], "texture": "#0"},
				"up": {"uv": [1.5, 9.5, 1, 9], "texture": "#0"},
				"down": {"uv": [9.5, 1, 9, 1.5], "texture": "#0"}
			}
		},
		{
			"from": [6.5, 10, 9],
			"to": [7.5, 11, 10],
			"rotation": {"angle": 0, "axis": "y", "origin": [5, 10, 10]},
			"faces": {
				"north": {"uv": [1.5, 9, 2, 9.5], "texture": "#0"},
				"east": {"uv": [9, 1.5, 9.5, 2], "texture": "#0"},
				"south": {"uv": [2, 9, 2.5, 9.5], "texture": "#0"},
				"west": {"uv": [9, 2, 9.5, 2.5], "texture": "#0"},
				"up": {"uv": [3, 9.5, 2.5, 9], "texture": "#0"},
				"down": {"uv": [9.5, 2.5, 9, 3], "texture": "#0"}
			}
		},
		{
			"from": [6, 10, 9],
			"to": [6.5, 11, 9.5],
			"rotation": {"angle": 0, "axis": "y", "origin": [5, 10, 10]},
			"faces": {
				"north": {"uv": [3, 9, 3.5, 9.5], "texture": "#0"},
				"east": {"uv": [9, 3, 9.5, 3.5], "texture": "#0"},
				"south": {"uv": [3.5, 9, 4, 9.5], "texture": "#0"},
				"west": {"uv": [9, 3.5, 9.5, 4], "texture": "#0"},
				"up": {"uv": [4.5, 9.5, 4, 9], "texture": "#0"},
				"down": {"uv": [9.5, 4, 9, 4.5], "texture": "#0"}
			}
		},
		{
			"from": [7, 10, 9.5],
			"to": [10, 11, 10.5],
			"rotation": {"angle": 0, "axis": "y", "origin": [10, 8, 10]},
			"faces": {
				"north": {"uv": [4, 2, 5.5, 2.5], "texture": "#0"},
				"east": {"uv": [4.5, 9, 5, 9.5], "texture": "#0"},
				"south": {"uv": [4, 2.5, 5.5, 3], "texture": "#0"},
				"west": {"uv": [9, 4.5, 9.5, 5], "texture": "#0"},
				"up": {"uv": [5.5, 3.5, 4, 3], "texture": "#0"},
				"down": {"uv": [5.5, 3.5, 4, 4], "texture": "#0"}
			}
		},
		{
			"from": [7, 11, 9],
			"to": [10, 11.75, 10],
			"rotation": {"angle": 0, "axis": "y", "origin": [8, 8, 10]},
			"faces": {
				"north": {"uv": [4, 4, 5.5, 4.5], "texture": "#0"},
				"east": {"uv": [5, 9, 5.5, 9.5], "texture": "#0"},
				"south": {"uv": [0.5, 4.5, 2, 5], "texture": "#0"},
				"west": {"uv": [9, 5, 9.5, 5.5], "texture": "#0"},
				"up": {"uv": [6, 1, 4.5, 0.5], "texture": "#0"},
				"down": {"uv": [6, 1, 4.5, 1.5], "texture": "#0"}
			}
		},
		{
			"from": [7, 11.75, 8.5],
			"to": [10, 12.25, 9.5],
			"rotation": {"angle": 0, "axis": "y", "origin": [8, 9, 10]},
			"faces": {
				"north": {"uv": [4.5, 1.5, 6, 2], "texture": "#0"},
				"east": {"uv": [5.5, 9, 6, 9.5], "texture": "#0"},
				"south": {"uv": [4, 4.5, 5.5, 5], "texture": "#0"},
				"west": {"uv": [9, 5.5, 9.5, 6], "texture": "#0"},
				"up": {"uv": [1.5, 5.5, 0, 5], "texture": "#0"},
				"down": {"uv": [4, 5, 2.5, 5.5], "texture": "#0"}
			}
		},
		{
			"from": [7.5, 12.25, 8],
			"to": [9.5, 12.75, 9],
			"rotation": {"angle": 0, "axis": "y", "origin": [8, 10, 10]},
			"faces": {
				"north": {"uv": [6.5, 3.5, 7.5, 4], "texture": "#0"},
				"east": {"uv": [6, 9, 6.5, 9.5], "texture": "#0"},
				"south": {"uv": [7, 0, 8, 0.5], "texture": "#0"},
				"west": {"uv": [9, 6, 9.5, 6.5], "texture": "#0"},
				"up": {"uv": [3, 7.5, 2, 7], "texture": "#0"},
				"down": {"uv": [8, 2, 7, 2.5], "texture": "#0"}
			}
		},
		{
			"from": [7.5, 12.2, 6.5],
			"to": [9.5, 13, 8.5],
			"rotation": {"angle": 0, "axis": "y", "origin": [8, 10, 9]},
			"faces": {
				"north": {"uv": [7, 4, 8, 4.5], "texture": "#0"},
				"east": {"uv": [4.5, 7, 5.5, 7.5], "texture": "#0"},
				"south": {"uv": [7, 6.5, 8, 7], "texture": "#0"},
				"west": {"uv": [7, 7, 8, 7.5], "texture": "#0"},
				"up": {"uv": [1, 1, 0, 0], "texture": "#0"},
				"down": {"uv": [1, 1, 0, 2], "texture": "#0"}
			}
		},
		{
			"from": [7.5, 12.25, 6],
			"to": [9.5, 12.75, 7],
			"rotation": {"angle": 0, "axis": "y", "origin": [8, 10, 8]},
			"faces": {
				"north": {"uv": [7.5, 0.5, 8.5, 1], "texture": "#0"},
				"east": {"uv": [6.5, 9, 7, 9.5], "texture": "#0"},
				"south": {"uv": [1, 7.5, 2, 8], "texture": "#0"},
				"west": {"uv": [9, 6.5, 9.5, 7], "texture": "#0"},
				"up": {"uv": [8.5, 1.5, 7.5, 1], "texture": "#0"},
				"down": {"uv": [8.5, 1.5, 7.5, 2], "texture": "#0"}
			}
		},
		{
			"from": [5.5, 10, 6],
			"to": [6.4, 11, 9],
			"rotation": {"angle": 0, "axis": "y", "origin": [5, 10, 10]},
			"faces": {
				"north": {"uv": [7, 9, 7.5, 9.5], "texture": "#0"},
				"east": {"uv": [4, 5, 5.5, 5.5], "texture": "#0"},
				"south": {"uv": [9, 7, 9.5, 7.5], "texture": "#0"},
				"west": {"uv": [0, 5.5, 1.5, 6], "texture": "#0"},
				"up": {"uv": [2, 6.5, 1.5, 5], "texture": "#0"},
				"down": {"uv": [2.5, 5.5, 2, 7], "texture": "#0"}
			}
		},
		{
			"from": [6, 11, 6],
			"to": [7, 11.75, 9],
			"rotation": {"angle": 0, "axis": "y", "origin": [5, 11, 10]},
			"faces": {
				"north": {"uv": [7.5, 9, 8, 9.5], "texture": "#0"},
				"east": {"uv": [5.5, 0, 7, 0.5], "texture": "#0"},
				"south": {"uv": [9, 7.5, 9.5, 8], "texture": "#0"},
				"west": {"uv": [5.5, 2, 7, 2.5], "texture": "#0"},
				"up": {"uv": [3, 7, 2.5, 5.5], "texture": "#0"},
				"down": {"uv": [6, 2.5, 5.5, 4], "texture": "#0"}
			}
		},
		{
			"from": [6.5, 11.75, 6],
			"to": [7.5, 12.25, 9],
			"rotation": {"angle": 0, "axis": "y", "origin": [5, 12, 10]},
			"faces": {
				"north": {"uv": [8, 9, 8.5, 9.5], "texture": "#0"},
				"east": {"uv": [3, 5.5, 4.5, 6], "texture": "#0"},
				"south": {"uv": [9, 8, 9.5, 8.5], "texture": "#0"},
				"west": {"uv": [5.5, 4, 7, 4.5], "texture": "#0"},
				"up": {"uv": [5, 7, 4.5, 5.5], "texture": "#0"},
				"down": {"uv": [6, 4.5, 5.5, 6], "texture": "#0"}
			}
		},
		{
			"from": [6.5, 11, 5.5],
			"to": [7.5, 11.75, 6.5],
			"rotation": {"angle": 0, "axis": "y", "origin": [6, 11, 4]},
			"faces": {
				"north": {"uv": [8.5, 9, 9, 9.5], "texture": "#0"},
				"east": {"uv": [9, 8.5, 9.5, 9], "texture": "#0"},
				"south": {"uv": [9, 9, 9.5, 9.5], "texture": "#0"},
				"west": {"uv": [0, 9.5, 0.5, 10], "texture": "#0"},
				"up": {"uv": [10, 0.5, 9.5, 0], "texture": "#0"},
				"down": {"uv": [1, 9.5, 0.5, 10], "texture": "#0"}
			}
		},
		{
			"from": [6.5, 10, 5],
			"to": [7, 11, 5.5],
			"rotation": {"angle": 0, "axis": "y", "origin": [6, 10, 4]},
			"faces": {
				"north": {"uv": [9.5, 0.5, 10, 1], "texture": "#0"},
				"east": {"uv": [1, 9.5, 1.5, 10], "texture": "#0"},
				"south": {"uv": [9.5, 1, 10, 1.5], "texture": "#0"},
				"west": {"uv": [1.5, 9.5, 2, 10], "texture": "#0"},
				"up": {"uv": [10, 2, 9.5, 1.5], "texture": "#0"},
				"down": {"uv": [2.5, 9.5, 2, 10], "texture": "#0"}
			}
		},
		{
			"from": [6, 10, 5.5],
			"to": [7, 11, 6.5],
			"rotation": {"angle": 0, "axis": "y", "origin": [6, 10, 4]},
			"faces": {
				"north": {"uv": [9.5, 2, 10, 2.5], "texture": "#0"},
				"east": {"uv": [2.5, 9.5, 3, 10], "texture": "#0"},
				"south": {"uv": [9.5, 2.5, 10, 3], "texture": "#0"},
				"west": {"uv": [3, 9.5, 3.5, 10], "texture": "#0"},
				"up": {"uv": [10, 3.5, 9.5, 3], "texture": "#0"},
				"down": {"uv": [4, 9.5, 3.5, 10], "texture": "#0"}
			}
		},
		{
			"name": "bell ball",
			"from": [8.6, 9, 7],
			"to": [9.6, 10, 8],
			"rotation": {"angle": -45, "axis": "z", "origin": [8, 10, 7]},
			"faces": {
				"north": {"uv": [0, 0, 1, 1], "texture": "#1"},
				"east": {"uv": [0, 1, 1, 2], "texture": "#1"},
				"south": {"uv": [1, 0, 2, 1], "texture": "#1"},
				"west": {"uv": [1, 1, 2, 2], "texture": "#1"},
				"up": {"uv": [1, 3, 0, 2], "texture": "#1"},
				"down": {"uv": [3, 0, 2, 1], "texture": "#1"}
			}
		},
		{
			"from": [9.5, 9.25, 5.5],
			"to": [10.5, 10, 6.5],
			"rotation": {"angle": 0, "axis": "y", "origin": [12, 10, 5]},
			"faces": {
				"north": {"uv": [9.5, 3.5, 10, 4], "texture": "#0"},
				"east": {"uv": [4, 9.5, 4.5, 10], "texture": "#0"},
				"south": {"uv": [9.5, 4, 10, 4.5], "texture": "#0"},
				"west": {"uv": [4.5, 9.5, 5, 10], "texture": "#0"},
				"up": {"uv": [10, 5, 9.5, 4.5], "texture": "#0"},
				"down": {"uv": [5.5, 9.5, 5, 10], "texture": "#0"}
			}
		},
		{
			"from": [9.5, 9.25, 8.5],
			"to": [10.5, 10, 9.5],
			"rotation": {"angle": 0, "axis": "y", "origin": [11, 10, 11]},
			"faces": {
				"north": {"uv": [9.5, 5, 10, 5.5], "texture": "#0"},
				"east": {"uv": [5.5, 9.5, 6, 10], "texture": "#0"},
				"south": {"uv": [9.5, 5.5, 10, 6], "texture": "#0"},
				"west": {"uv": [6, 9.5, 6.5, 10], "texture": "#0"},
				"up": {"uv": [10, 6.5, 9.5, 6], "texture": "#0"},
				"down": {"uv": [7, 9.5, 6.5, 10], "texture": "#0"}
			}
		},
		{
			"from": [10, 9.25, 6],
			"to": [11, 10, 9],
			"rotation": {"angle": 0, "axis": "y", "origin": [12, 10, 5]},
			"faces": {
				"north": {"uv": [9.5, 6.5, 10, 7], "texture": "#0"},
				"east": {"uv": [0, 6, 1.5, 6.5], "texture": "#0"},
				"south": {"uv": [7, 9.5, 7.5, 10], "texture": "#0"},
				"west": {"uv": [6, 0.5, 7.5, 1], "texture": "#0"},
				"up": {"uv": [5.5, 7, 5, 5.5], "texture": "#0"},
				"down": {"uv": [6.5, 2.5, 6, 4], "texture": "#0"}
			}
		},
		{
			"from": [9.5, 8.75, 6],
			"to": [10.5, 9.25, 9],
			"rotation": {"angle": 0, "axis": "y", "origin": [12, 9, 5]},
			"faces": {
				"north": {"uv": [9.5, 7, 10, 7.5], "texture": "#0"},
				"east": {"uv": [6, 1, 7.5, 1.5], "texture": "#0"},
				"south": {"uv": [7.5, 9.5, 8, 10], "texture": "#0"},
				"west": {"uv": [6, 1.5, 7.5, 2], "texture": "#0"},
				"up": {"uv": [3.5, 7.5, 3, 6], "texture": "#0"},
				"down": {"uv": [4, 6, 3.5, 7.5], "texture": "#0"}
			}
		},
		{
			"from": [9, 8.25, 6.5],
			"to": [10, 8.75, 8.5],
			"rotation": {"angle": 0, "axis": "y", "origin": [12, 8, 5]},
			"faces": {
				"north": {"uv": [9.5, 7.5, 10, 8], "texture": "#0"},
				"east": {"uv": [2, 7.5, 3, 8], "texture": "#0"},
				"south": {"uv": [8, 9.5, 8.5, 10], "texture": "#0"},
				"west": {"uv": [7.5, 2.5, 8.5, 3], "texture": "#0"},
				"up": {"uv": [3.5, 8.5, 3, 7.5], "texture": "#0"},
				"down": {"uv": [8, 3, 7.5, 4], "texture": "#0"}
			}
		},
		{
			"from": [7, 8.25, 6.5],
			"to": [8, 8.75, 8.5],
			"rotation": {"angle": 0, "axis": "y", "origin": [10, 8, 5]},
			"faces": {
				"north": {"uv": [9.5, 8, 10, 8.5], "texture": "#0"},
				"east": {"uv": [3.5, 7.5, 4.5, 8], "texture": "#0"},
				"south": {"uv": [8.5, 9.5, 9, 10], "texture": "#0"},
				"west": {"uv": [4.5, 7.5, 5.5, 8], "texture": "#0"},
				"up": {"uv": [8, 5.5, 7.5, 4.5], "texture": "#0"},
				"down": {"uv": [6, 7.5, 5.5, 8.5], "texture": "#0"}
			}
		},
		{
			"from": [6.5, 9.25, 8.5],
			"to": [7.5, 10, 9.5],
			"rotation": {"angle": 0, "axis": "y", "origin": [5, 10, 10]},
			"faces": {
				"north": {"uv": [9.5, 8.5, 10, 9], "texture": "#0"},
				"east": {"uv": [9, 9.5, 9.5, 10], "texture": "#0"},
				"south": {"uv": [9.5, 9, 10, 9.5], "texture": "#0"},
				"west": {"uv": [9.5, 9.5, 10, 10], "texture": "#0"},
				"up": {"uv": [0.5, 10.5, 0, 10], "texture": "#0"},
				"down": {"uv": [10.5, 0, 10, 0.5], "texture": "#0"}
			}
		},
		{
			"from": [7, 9.25, 9],
			"to": [8.1, 10, 10],
			"rotation": {"angle": 0, "axis": "y", "origin": [8, 13, 10]},
			"faces": {
				"north": {"uv": [0.5, 10, 1, 10.5], "texture": "#0"},
				"east": {"uv": [10, 0.5, 10.5, 1], "texture": "#0"},
				"south": {"uv": [1, 10, 1.5, 10.5], "texture": "#0"},
				"west": {"uv": [10, 1, 10.5, 1.5], "texture": "#0"},
				"up": {"uv": [2, 10.5, 1.5, 10], "texture": "#0"},
				"down": {"uv": [10.5, 1.5, 10, 2], "texture": "#0"}
			}
		},
		{
			"from": [8.9, 9.25, 9],
			"to": [10, 10, 10],
			"rotation": {"angle": 0, "axis": "y", "origin": [10, 13, 10]},
			"faces": {
				"north": {"uv": [2, 10, 2.5, 10.5], "texture": "#0"},
				"east": {"uv": [10, 2, 10.5, 2.5], "texture": "#0"},
				"south": {"uv": [2.5, 10, 3, 10.5], "texture": "#0"},
				"west": {"uv": [10, 2.5, 10.5, 3], "texture": "#0"},
				"up": {"uv": [3.5, 10.5, 3, 10], "texture": "#0"},
				"down": {"uv": [10.5, 3, 10, 3.5], "texture": "#0"}
			}
		},
		{
			"from": [8.1, 9.75, 9],
			"to": [8.9, 10, 10],
			"rotation": {"angle": 0, "axis": "y", "origin": [9, 13, 10]},
			"faces": {
				"north": {"uv": [3.5, 10, 4, 10.5], "texture": "#0"},
				"east": {"uv": [10, 3.5, 10.5, 4], "texture": "#0"},
				"south": {"uv": [4, 10, 4.5, 10.5], "texture": "#0"},
				"west": {"uv": [10, 4, 10.5, 4.5], "texture": "#0"},
				"up": {"uv": [5, 10.5, 4.5, 10], "texture": "#0"},
				"down": {"uv": [10.5, 4.5, 10, 5], "texture": "#0"}
			}
		},
		{
			"from": [7, 8.75, 8.5],
			"to": [8, 9.25, 9.5],
			"rotation": {"angle": 0, "axis": "y", "origin": [8, 12, 10]},
			"faces": {
				"north": {"uv": [5, 10, 5.5, 10.5], "texture": "#0"},
				"east": {"uv": [10, 5, 10.5, 5.5], "texture": "#0"},
				"south": {"uv": [5.5, 10, 6, 10.5], "texture": "#0"},
				"west": {"uv": [10, 5.5, 10.5, 6], "texture": "#0"},
				"up": {"uv": [6.5, 10.5, 6, 10], "texture": "#0"},
				"down": {"uv": [10.5, 6, 10, 6.5], "texture": "#0"}
			}
		},
		{
			"from": [9, 8.75, 8.5],
			"to": [10, 9.25, 9.5],
			"rotation": {"angle": 0, "axis": "y", "origin": [10, 12, 10]},
			"faces": {
				"north": {"uv": [6.5, 10, 7, 10.5], "texture": "#0"},
				"east": {"uv": [10, 6.5, 10.5, 7], "texture": "#0"},
				"south": {"uv": [7, 10, 7.5, 10.5], "texture": "#0"},
				"west": {"uv": [10, 7, 10.5, 7.5], "texture": "#0"},
				"up": {"uv": [8, 10.5, 7.5, 10], "texture": "#0"},
				"down": {"uv": [10.5, 7.5, 10, 8], "texture": "#0"}
			}
		},
		{
			"from": [8, 8.75, 8.5],
			"to": [8.3, 9, 9.5],
			"rotation": {"angle": 0, "axis": "y", "origin": [9, 12, 10]},
			"faces": {
				"north": {"uv": [8, 10, 8.5, 10.5], "texture": "#0"},
				"east": {"uv": [10, 8, 10.5, 8.5], "texture": "#0"},
				"south": {"uv": [8.5, 10, 9, 10.5], "texture": "#0"},
				"west": {"uv": [10, 8.5, 10.5, 9], "texture": "#0"},
				"up": {"uv": [9.5, 10.5, 9, 10], "texture": "#0"},
				"down": {"uv": [10.5, 9, 10, 9.5], "texture": "#0"}
			}
		},
		{
			"from": [8.7, 8.75, 8.5],
			"to": [9, 9, 9.5],
			"rotation": {"angle": 0, "axis": "y", "origin": [9, 12, 10]},
			"faces": {
				"north": {"uv": [9.5, 10, 10, 10.5], "texture": "#0"},
				"east": {"uv": [10, 9.5, 10.5, 10], "texture": "#0"},
				"south": {"uv": [10, 10, 10.5, 10.5], "texture": "#0"},
				"west": {"uv": [0, 10.5, 0.5, 11], "texture": "#0"},
				"up": {"uv": [11, 0.5, 10.5, 0], "texture": "#0"},
				"down": {"uv": [1, 10.5, 0.5, 11], "texture": "#0"}
			}
		},
		{
			"from": [7.5, 8.25, 8],
			"to": [8.3, 8.75, 9],
			"rotation": {"angle": 0, "axis": "y", "origin": [8, 11, 10]},
			"faces": {
				"north": {"uv": [10.5, 0.5, 11, 1], "texture": "#0"},
				"east": {"uv": [1, 10.5, 1.5, 11], "texture": "#0"},
				"south": {"uv": [10.5, 1, 11, 1.5], "texture": "#0"},
				"west": {"uv": [1.5, 10.5, 2, 11], "texture": "#0"},
				"up": {"uv": [11, 2, 10.5, 1.5], "texture": "#0"},
				"down": {"uv": [2.5, 10.5, 2, 11], "texture": "#0"}
			}
		},
		{
			"from": [8.7, 8.25, 8],
			"to": [9.5, 8.75, 9],
			"rotation": {"angle": 0, "axis": "y", "origin": [8, 11, 10]},
			"faces": {
				"north": {"uv": [10.5, 2, 11, 2.5], "texture": "#0"},
				"east": {"uv": [2.5, 10.5, 3, 11], "texture": "#0"},
				"south": {"uv": [10.5, 2.5, 11, 3], "texture": "#0"},
				"west": {"uv": [3, 10.5, 3.5, 11], "texture": "#0"},
				"up": {"uv": [11, 3.5, 10.5, 3], "texture": "#0"},
				"down": {"uv": [4, 10.5, 3.5, 11], "texture": "#0"}
			}
		},
		{
			"from": [8.7, 8, 6.5],
			"to": [9.5, 8.25, 8.5],
			"rotation": {"angle": 0, "axis": "y", "origin": [8, 11, 9]},
			"faces": {
				"north": {"uv": [10.5, 3.5, 11, 4], "texture": "#0"},
				"east": {"uv": [7.5, 5.5, 8.5, 6], "texture": "#0"},
				"south": {"uv": [4, 10.5, 4.5, 11], "texture": "#0"},
				"west": {"uv": [6, 7.5, 7, 8], "texture": "#0"},
				"up": {"uv": [7.5, 8.5, 7, 7.5], "texture": "#0"},
				"down": {"uv": [8, 7.5, 7.5, 8.5], "texture": "#0"}
			}
		},
		{
			"from": [7.5, 8, 6.5],
			"to": [8.3, 8.25, 8.5],
			"rotation": {"angle": 0, "axis": "y", "origin": [8, 11, 9]},
			"faces": {
				"north": {"uv": [10.5, 4, 11, 4.5], "texture": "#0"},
				"east": {"uv": [7.5, 6, 8.5, 6.5], "texture": "#0"},
				"south": {"uv": [4.5, 10.5, 5, 11], "texture": "#0"},
				"west": {"uv": [0, 8, 1, 8.5], "texture": "#0"},
				"up": {"uv": [1.5, 9, 1, 8], "texture": "#0"},
				"down": {"uv": [2, 8, 1.5, 9], "texture": "#0"}
			}
		},
		{
			"from": [6, 9.25, 6],
			"to": [7, 10, 9],
			"rotation": {"angle": 0, "axis": "y", "origin": [5, 10, 10]},
			"faces": {
				"north": {"uv": [10.5, 4.5, 11, 5], "texture": "#0"},
				"east": {"uv": [6, 4.5, 7.5, 5], "texture": "#0"},
				"south": {"uv": [5, 10.5, 5.5, 11], "texture": "#0"},
				"west": {"uv": [6, 5, 7.5, 5.5], "texture": "#0"},
				"up": {"uv": [4.5, 7.5, 4, 6], "texture": "#0"},
				"down": {"uv": [6, 6, 5.5, 7.5], "texture": "#0"}
			}
		},
		{
			"from": [6.5, 8.75, 6],
			"to": [7.5, 9.25, 9],
			"rotation": {"angle": 0, "axis": "y", "origin": [5, 9, 10]},
			"faces": {
				"north": {"uv": [10.5, 5, 11, 5.5], "texture": "#0"},
				"east": {"uv": [6, 5.5, 7.5, 6], "texture": "#0"},
				"south": {"uv": [5.5, 10.5, 6, 11], "texture": "#0"},
				"west": {"uv": [6, 6, 7.5, 6.5], "texture": "#0"},
				"up": {"uv": [0.5, 8, 0, 6.5], "texture": "#0"},
				"down": {"uv": [1, 6.5, 0.5, 8], "texture": "#0"}
			}
		},
		{
			"from": [6.5, 9.25, 5.5],
			"to": [7.5, 10, 6.5],
			"rotation": {"angle": 0, "axis": "y", "origin": [6, 10, 4]},
			"faces": {
				"north": {"uv": [10.5, 5.5, 11, 6], "texture": "#0"},
				"east": {"uv": [6, 10.5, 6.5, 11], "texture": "#0"},
				"south": {"uv": [10.5, 6, 11, 6.5], "texture": "#0"},
				"west": {"uv": [6.5, 10.5, 7, 11], "texture": "#0"},
				"up": {"uv": [11, 7, 10.5, 6.5], "texture": "#0"},
				"down": {"uv": [7.5, 10.5, 7, 11], "texture": "#0"}
			}
		},
		{
			"from": [7.5, 8.25, 6],
			"to": [8.3, 8.75, 7],
			"rotation": {"angle": 0, "axis": "y", "origin": [8, 11, 5]},
			"faces": {
				"north": {"uv": [10.5, 7, 11, 7.5], "texture": "#0"},
				"east": {"uv": [7.5, 10.5, 8, 11], "texture": "#0"},
				"south": {"uv": [10.5, 7.5, 11, 8], "texture": "#0"},
				"west": {"uv": [8, 10.5, 8.5, 11], "texture": "#0"},
				"up": {"uv": [11, 8.5, 10.5, 8], "texture": "#0"},
				"down": {"uv": [9, 10.5, 8.5, 11], "texture": "#0"}
			}
		},
		{
			"from": [8.7, 8.25, 6],
			"to": [9.5, 8.75, 7],
			"rotation": {"angle": 0, "axis": "y", "origin": [8, 11, 5]},
			"faces": {
				"north": {"uv": [10.5, 8.5, 11, 9], "texture": "#0"},
				"east": {"uv": [9, 10.5, 9.5, 11], "texture": "#0"},
				"south": {"uv": [10.5, 9, 11, 9.5], "texture": "#0"},
				"west": {"uv": [9.5, 10.5, 10, 11], "texture": "#0"},
				"up": {"uv": [11, 10, 10.5, 9.5], "texture": "#0"},
				"down": {"uv": [10.5, 10.5, 10, 11], "texture": "#0"}
			}
		},
		{
			"from": [8, 8.75, 5.5],
			"to": [8.3, 9, 6.5],
			"rotation": {"angle": 0, "axis": "y", "origin": [9, 12, 5]},
			"faces": {
				"north": {"uv": [10.5, 10, 11, 10.5], "texture": "#0"},
				"east": {"uv": [10.5, 10.5, 11, 11], "texture": "#0"},
				"south": {"uv": [0, 11, 0.5, 11.5], "texture": "#0"},
				"west": {"uv": [11, 0, 11.5, 0.5], "texture": "#0"},
				"up": {"uv": [1, 11.5, 0.5, 11], "texture": "#0"},
				"down": {"uv": [11.5, 0.5, 11, 1], "texture": "#0"}
			}
		},
		{
			"from": [7, 8.75, 5.5],
			"to": [8, 9.25, 6.5],
			"rotation": {"angle": 0, "axis": "y", "origin": [8, 12, 5]},
			"faces": {
				"north": {"uv": [1, 11, 1.5, 11.5], "texture": "#0"},
				"east": {"uv": [11, 1, 11.5, 1.5], "texture": "#0"},
				"south": {"uv": [1.5, 11, 2, 11.5], "texture": "#0"},
				"west": {"uv": [11, 1.5, 11.5, 2], "texture": "#0"},
				"up": {"uv": [2.5, 11.5, 2, 11], "texture": "#0"},
				"down": {"uv": [11.5, 2, 11, 2.5], "texture": "#0"}
			}
		},
		{
			"from": [8.7, 8.75, 5.5],
			"to": [9, 9, 6.5],
			"rotation": {"angle": 0, "axis": "y", "origin": [9, 12, 5]},
			"faces": {
				"north": {"uv": [2.5, 11, 3, 11.5], "texture": "#0"},
				"east": {"uv": [11, 2.5, 11.5, 3], "texture": "#0"},
				"south": {"uv": [3, 11, 3.5, 11.5], "texture": "#0"},
				"west": {"uv": [11, 3, 11.5, 3.5], "texture": "#0"},
				"up": {"uv": [4, 11.5, 3.5, 11], "texture": "#0"},
				"down": {"uv": [11.5, 3.5, 11, 4], "texture": "#0"}
			}
		},
		{
			"from": [9, 8.75, 5.5],
			"to": [10, 9.25, 6.5],
			"rotation": {"angle": 0, "axis": "y", "origin": [10, 12, 5]},
			"faces": {
				"north": {"uv": [4, 11, 4.5, 11.5], "texture": "#0"},
				"east": {"uv": [11, 4, 11.5, 4.5], "texture": "#0"},
				"south": {"uv": [4.5, 11, 5, 11.5], "texture": "#0"},
				"west": {"uv": [11, 4.5, 11.5, 5], "texture": "#0"},
				"up": {"uv": [5.5, 11.5, 5, 11], "texture": "#0"},
				"down": {"uv": [11.5, 5, 11, 5.5], "texture": "#0"}
			}
		},
		{
			"from": [8.9, 9.25, 5],
			"to": [10, 10, 6],
			"rotation": {"angle": 0, "axis": "y", "origin": [10, 13, 5]},
			"faces": {
				"north": {"uv": [5.5, 11, 6, 11.5], "texture": "#0"},
				"east": {"uv": [11, 5.5, 11.5, 6], "texture": "#0"},
				"south": {"uv": [6, 11, 6.5, 11.5], "texture": "#0"},
				"west": {"uv": [11, 6, 11.5, 6.5], "texture": "#0"},
				"up": {"uv": [7, 11.5, 6.5, 11], "texture": "#0"},
				"down": {"uv": [11.5, 6.5, 11, 7], "texture": "#0"}
			}
		},
		{
			"from": [7, 9.25, 5],
			"to": [8.1, 10, 6],
			"rotation": {"angle": 0, "axis": "y", "origin": [8, 13, 5]},
			"faces": {
				"north": {"uv": [7, 11, 7.5, 11.5], "texture": "#0"},
				"east": {"uv": [11, 7, 11.5, 7.5], "texture": "#0"},
				"south": {"uv": [7.5, 11, 8, 11.5], "texture": "#0"},
				"west": {"uv": [11, 7.5, 11.5, 8], "texture": "#0"},
				"up": {"uv": [8.5, 11.5, 8, 11], "texture": "#0"},
				"down": {"uv": [11.5, 8, 11, 8.5], "texture": "#0"}
			}
		},
		{
			"from": [8.1, 9.75, 5],
			"to": [8.9, 10, 6],
			"rotation": {"angle": 0, "axis": "y", "origin": [9, 13, 5]},
			"faces": {
				"north": {"uv": [8.5, 11, 9, 11.5], "texture": "#0"},
				"east": {"uv": [11, 8.5, 11.5, 9], "texture": "#0"},
				"south": {"uv": [9, 11, 9.5, 11.5], "texture": "#0"},
				"west": {"uv": [11, 9, 11.5, 9.5], "texture": "#0"},
				"up": {"uv": [10, 11.5, 9.5, 11], "texture": "#0"},
				"down": {"uv": [11.5, 9.5, 11, 10], "texture": "#0"}
			}
		}
	],
	"groups": [
		{
			"name": "bell",
			"origin": [8, 8, 8],
			"color": 0,
			"children": [
				0,
				1,
				2,
				3,
				4,
				5,
				6,
				7,
				8,
				9,
				10,
				11,
				12,
				13,
				14,
				15,
				16,
				17,
				18,
				19,
				20,
				21,
				22,
				23,
				24,
				25,
				26,
				27,
				28,
				29,
				{
					"name": "lower half",
					"origin": [8, 8, 8],
					"color": 0,
					"children": [30, 31, 32, 33, 34, 35, 36, 37, 38, 39, 40, 41, 42, 43, 44, 45, 46, 47, 48, 49, 50, 51, 52, 53, 54, 55, 56, 57, 58, 59]
				}
			]
		}
	]
}